time,gc_time,mark_time,sweep_time,time_to_safepoint,ncollections,nfull_sweeps,file,threads,gcthreads,version
5544436952,961887917,925226754,36610003,29560,0,1,TimeZones.jl,1,1,1.12.0-DEV.153
5526621974,958502594,918993831,39444723,30960,0,1,TimeZones.jl,1,1,1.12.0-DEV.153
5528825435,962775810,922732999,39986731,30560,0,1,TimeZones.jl,1,1,1.12.0-DEV.153
5556071903,963433470,925856248,37514022,33760,0,1,TimeZones.jl,1,1,1.12.0-DEV.153
5383712482,810045856,801767747,8258029,23960,0,0,TimeZones.jl,1,1,1.12.0-DEV.153
5531314616,957938050,920353455,37540075,29880,0,1,TimeZones.jl,1,1,1.12.0-DEV.153
5359785492,803372890,795052539,8307071,20560,0,0,TimeZones.jl,1,1,1.12.0-DEV.153
5544501404,969949426,926008865,43885001,35720,0,1,TimeZones.jl,1,1,1.12.0-DEV.153
5443632321,839776993,829805320,9945713,26560,0,0,TimeZones.jl,1,1,1.12.0-DEV.153
5443112447,835518918,826179004,9316074,22800,0,0,TimeZones.jl,1,1,1.12.0-DEV.153
5443829936,833390559,824190803,9194276,19800,0,0,TimeZones.jl,1,1,1.12.0-DEV.153
5444069275,834739713,825394075,9296678,23120,0,0,TimeZones.jl,1,1,1.12.0-DEV.153
5467150298,835860981,826406821,9418520,23320,0,0,TimeZones.jl,1,1,1.12.0-DEV.153
5447312339,838866085,829253925,9557280,24760,0,0,TimeZones.jl,1,1,1.12.0-DEV.153
5447963267,838706143,829378342,9321041,22600,0,0,TimeZones.jl,1,1,1.12.0-DEV.153
5418207204,823949835,814665234,9243161,20680,0,0,TimeZones.jl,1,1,1.12.0-DEV.153
5454698846,833894968,824514406,9366842,24880,0,0,TimeZones.jl,1,1,1.12.0-DEV.153
5445177974,838789939,829558335,9209364,22160,0,0,TimeZones.jl,1,1,1.12.0-DEV.153
5458394369,836579221,826449576,10077565,21880,0,0,TimeZones.jl,1,1,1.12.0-DEV.153
5455536412,829453538,819471412,9950566,28000,0,0,TimeZones.jl,1,1,1.12.0-DEV.153
5441826228,834483859,825139972,9311367,21040,0,0,TimeZones.jl,1,1,1.12.0-DEV.153
5461994003,839848337,830413809,9382008,19920,0,0,TimeZones.jl,1,1,1.12.0-DEV.153
5790787715,836358045,827007277,9320048,21720,0,0,TimeZones.jl,1,1,1.12.0-DEV.153
5433839647,833148270,823837420,9260290,21161,0,0,TimeZones.jl,1,1,1.12.0-DEV.153
5438390152,836357659,826925129,9418730,20840,0,0,TimeZones.jl,1,1,1.12.0-DEV.153
5218054251,619297049,611205480,8057409,23600,0,0,TimeZones.jl,1,2,1.12.0-DEV.153
5216771531,613911805,605351794,8519811,22800,0,0,TimeZones.jl,1,2,1.12.0-DEV.153
5224231046,617456371,609123000,8299371,25080,0,0,TimeZones.jl,1,2,1.12.0-DEV.153
5221124535,614774686,606658715,8087811,23160,0,0,TimeZones.jl,1,2,1.12.0-DEV.153
5222833576,618289568,609803916,8443692,23640,0,0,TimeZones.jl,1,2,1.12.0-DEV.153
5215711794,615151680,606907549,8204211,23400,0,0,TimeZones.jl,1,2,1.12.0-DEV.153
5223673258,617457517,609257225,8172372,24961,0,0,TimeZones.jl,1,2,1.12.0-DEV.153
5220710175,609217179,601095367,8112092,23840,0,0,TimeZones.jl,1,2,1.12.0-DEV.153
5185986150,615976060,607558487,8373412,24200,0,0,TimeZones.jl,1,2,1.12.0-DEV.153
5199728549,616401812,607901038,8464294,28280,0,0,TimeZones.jl,1,2,1.12.0-DEV.153
5194226228,620557888,612293634,8250294,23360,0,0,TimeZones.jl,1,2,1.12.0-DEV.153
5182373283,619040834,610992620,8003414,22280,0,0,TimeZones.jl,1,2,1.12.0-DEV.153
5171225290,621622826,613344451,8231094,23800,0,0,TimeZones.jl,1,2,1.12.0-DEV.153
5174209991,616533283,608299627,8189336,22640,0,0,TimeZones.jl,1,2,1.12.0-DEV.153
5144302943,612958301,604813166,8091895,23200,0,0,TimeZones.jl,1,2,1.12.0-DEV.153
5152528356,631160159,621950661,9170298,21960,0,0,TimeZones.jl,1,2,1.12.0-DEV.153
5147400656,618013437,609820221,8174176,23240,0,0,TimeZones.jl,1,2,1.12.0-DEV.153
5141083666,616525135,608389239,8083856,23720,0,0,TimeZones.jl,1,2,1.12.0-DEV.153
5145350888,615524436,607444259,8024496,22880,0,0,TimeZones.jl,1,2,1.12.0-DEV.153
5135912397,618428901,609947083,8437858,31320,0,0,TimeZones.jl,1,2,1.12.0-DEV.153
5128557021,620652164,612471468,8128736,22800,0,0,TimeZones.jl,1,2,1.12.0-DEV.153
5102408799,608562398,599849220,8673938,21600,0,0,TimeZones.jl,1,2,1.12.0-DEV.153
5123474150,624694369,616243151,8446378,20960,0,0,TimeZones.jl,1,2,1.12.0-DEV.153
5115068113,619290174,611184677,8094737,21520,0,0,TimeZones.jl,1,2,1.12.0-DEV.153
5100504855,618242109,610083971,8108818,23320,0,0,TimeZones.jl,1,2,1.12.0-DEV.153
5041474974,563288723,532493895,30675668,34280,0,1,TimeZones.jl,1,4,1.12.0-DEV.153
5024635616,559208167,527718137,31348989,39760,0,1,TimeZones.jl,1,4,1.12.0-DEV.153
5031065347,558178898,526064225,31943913,33520,0,1,TimeZones.jl,1,4,1.12.0-DEV.153
5018194588,562622800,530585568,31939192,34120,0,1,TimeZones.jl,1,4,1.12.0-DEV.153
5048856206,567483183,535737791,31666432,40081,0,1,TimeZones.jl,1,4,1.12.0-DEV.153
5004572406,557792295,526377022,31239153,33920,0,1,TimeZones.jl,1,4,1.12.0-DEV.153
5004741263,553606894,521119458,32370116,34120,0,1,TimeZones.jl,1,4,1.12.0-DEV.153
5015545383,559628998,526131240,33322278,37880,0,1,TimeZones.jl,1,4,1.12.0-DEV.153
5013749228,563336697,531549862,31643675,33400,0,1,TimeZones.jl,1,4,1.12.0-DEV.153
5005948776,554812606,523105691,31537874,35080,0,1,TimeZones.jl,1,4,1.12.0-DEV.153
4996018195,547549400,516449445,30929595,36200,0,1,TimeZones.jl,1,4,1.12.0-DEV.153
5017713606,557284190,523636708,33500322,39320,0,1,TimeZones.jl,1,4,1.12.0-DEV.153
5001297722,550593102,519288667,31181755,35000,0,1,TimeZones.jl,1,4,1.12.0-DEV.153
5007458571,555947804,524430008,31376876,35880,0,1,TimeZones.jl,1,4,1.12.0-DEV.153
5087708519,562173188,530797590,31267478,41440,0,1,TimeZones.jl,1,4,1.12.0-DEV.153
5069116182,560297071,528300071,31839399,40360,0,1,TimeZones.jl,1,4,1.12.0-DEV.153
5059627544,565102490,532616289,32299121,40240,0,1,TimeZones.jl,1,4,1.12.0-DEV.153
5058817523,557590318,526550960,30920637,33920,0,1,TimeZones.jl,1,4,1.12.0-DEV.153
5034984363,552558151,521155792,31226359,36120,0,1,TimeZones.jl,1,4,1.12.0-DEV.153
5027137961,562288221,530510661,31650758,34880,0,1,TimeZones.jl,1,4,1.12.0-DEV.153
5025452772,560079503,528421102,31450761,37960,0,1,TimeZones.jl,1,4,1.12.0-DEV.153
5079619243,554338295,522242052,31952523,35720,0,1,TimeZones.jl,1,4,1.12.0-DEV.153
5068372466,554187939,523575381,30492397,35601,0,1,TimeZones.jl,1,4,1.12.0-DEV.153
5061235296,556993033,525255951,31567602,37560,0,1,TimeZones.jl,1,4,1.12.0-DEV.153
5062697147,560779528,529708447,30993601,36000,0,1,TimeZones.jl,1,4,1.12.0-DEV.153
4983799028,510537201,478065677,32318564,42000,0,1,TimeZones.jl,1,8,1.12.0-DEV.153
4992157612,515485659,481807891,33457846,38720,0,1,TimeZones.jl,1,8,1.12.0-DEV.153
5052428411,512970857,476593202,36204415,42000,0,1,TimeZones.jl,1,8,1.12.0-DEV.153
5043396867,521633684,487991436,33466127,36080,0,1,TimeZones.jl,1,8,1.12.0-DEV.153
5032571357,536175646,499566030,36402215,37600,0,1,TimeZones.jl,1,8,1.12.0-DEV.153
5037198524,513391293,481083833,32143979,54040,0,1,TimeZones.jl,1,8,1.12.0-DEV.153
5022630055,515266150,484308255,30766255,39720,0,1,TimeZones.jl,1,8,1.12.0-DEV.153
4994947939,509486227,475786800,33441706,37400,0,1,TimeZones.jl,1,8,1.12.0-DEV.153
4990709536,525408987,491713803,33446222,39840,0,1,TimeZones.jl,1,8,1.12.0-DEV.153
5036926100,521025556,488798183,32025612,36040,0,1,TimeZones.jl,1,8,1.12.0-DEV.153
4989292300,510587857,477329762,33017653,37760,0,1,TimeZones.jl,1,8,1.12.0-DEV.153
4976092545,506492475,471325172,34940023,37480,0,1,TimeZones.jl,1,8,1.12.0-DEV.153
5081310852,541443973,505487350,35656383,43920,0,1,TimeZones.jl,1,8,1.12.0-DEV.153
5026007307,505968033,473357749,32385403,37640,0,1,TimeZones.jl,1,8,1.12.0-DEV.153
5341048906,512347667,477847575,34244850,44641,0,1,TimeZones.jl,1,8,1.12.0-DEV.153
5021132365,521978719,485270139,36444099,41000,0,1,TimeZones.jl,1,8,1.12.0-DEV.153
5010769342,511045431,477510910,33312761,40280,0,1,TimeZones.jl,1,8,1.12.0-DEV.153
5010823507,517644110,485651317,31780071,54320,0,1,TimeZones.jl,1,8,1.12.0-DEV.153
5007701507,530103858,494577570,35276526,43120,0,1,TimeZones.jl,1,8,1.12.0-DEV.153
5001033822,518493932,485599060,32656791,43160,0,1,TimeZones.jl,1,8,1.12.0-DEV.153
4993880269,519575269,484599947,34691040,44360,0,1,TimeZones.jl,1,8,1.12.0-DEV.153
4991958709,512731088,477837450,34595678,44601,0,1,TimeZones.jl,1,8,1.12.0-DEV.153
4996509350,520885060,488277714,32407545,43720,0,1,TimeZones.jl,1,8,1.12.0-DEV.153
4996362542,524408449,489398374,34732674,42360,0,1,TimeZones.jl,1,8,1.12.0-DEV.153
4998008631,509798161,476684414,32962066,43960,0,1,TimeZones.jl,1,8,1.12.0-DEV.153
5076520502,546289855,503893071,41853061,47160,0,1,TimeZones.jl,1,16,1.12.0-DEV.153
5009489784,517994069,482207596,35387992,47600,0,1,TimeZones.jl,1,16,1.12.0-DEV.153
4992732458,509675131,471828889,37405720,47960,0,1,TimeZones.jl,1,16,1.12.0-DEV.153
4976673268,507761022,473506797,33788863,44000,0,1,TimeZones.jl,1,16,1.12.0-DEV.153
5009268010,515382673,478229559,36746273,38681,0,1,TimeZones.jl,1,16,1.12.0-DEV.153
5060370715,521682842,482398559,38862161,44080,0,1,TimeZones.jl,1,16,1.12.0-DEV.153
5054533628,520539857,481441976,38711479,42280,0,1,TimeZones.jl,1,16,1.12.0-DEV.153
4990167151,513358770,474239970,38578597,40160,0,1,TimeZones.jl,1,16,1.12.0-DEV.153
4997988258,506301244,470144179,35764344,40080,0,1,TimeZones.jl,1,16,1.12.0-DEV.153
4995735091,518220157,478499278,39159957,39800,0,1,TimeZones.jl,1,16,1.12.0-DEV.153
5040169757,514130045,477030458,36718186,39480,0,1,TimeZones.jl,1,16,1.12.0-DEV.153
4962580386,507802044,468557290,38765391,41840,0,1,TimeZones.jl,1,16,1.12.0-DEV.153
4963538814,510659522,471362648,38809352,40880,0,1,TimeZones.jl,1,16,1.12.0-DEV.153
4959602748,505697770,468554825,36767304,38560,0,1,TimeZones.jl,1,16,1.12.0-DEV.153
4962948076,497773366,460356102,36910383,39040,0,1,TimeZones.jl,1,16,1.12.0-DEV.153
4950990189,485427306,451822176,33267608,43800,0,1,TimeZones.jl,1,16,1.12.0-DEV.153
4952058279,494839890,457182507,37189341,40241,0,1,TimeZones.jl,1,16,1.12.0-DEV.153
4971522242,507640688,471760192,35382654,43921,0,1,TimeZones.jl,1,16,1.12.0-DEV.153
5049953591,494381908,459871218,34223210,41800,0,1,TimeZones.jl,1,16,1.12.0-DEV.153
5045291430,492452330,457329078,34804011,41521,0,1,TimeZones.jl,1,16,1.12.0-DEV.153
5088995854,487744663,452259330,35151212,42200,0,1,TimeZones.jl,1,16,1.12.0-DEV.153
5427492895,496463846,458008663,37994622,45760,0,1,TimeZones.jl,1,16,1.12.0-DEV.153
5083414124,504379986,464420877,39560627,44840,0,1,TimeZones.jl,1,16,1.12.0-DEV.153
5079730021,487730674,453606870,33763604,42641,0,1,TimeZones.jl,1,16,1.12.0-DEV.153
5110059126,509100586,469497800,39094183,41280,0,1,TimeZones.jl,1,16,1.12.0-DEV.153
3130371040,849879349,529135814,320684495,137240,0,5,append.jl,1,1,1.12.0-DEV.153
3135748916,844793439,523405308,321332170,141321,0,5,append.jl,1,1,1.12.0-DEV.153
3113748213,838575090,520273652,318243958,136920,0,5,append.jl,1,1,1.12.0-DEV.153
3129992210,846518914,525248828,321192005,154681,0,5,append.jl,1,1,1.12.0-DEV.153
3130284789,849697642,528978559,320655203,147680,0,5,append.jl,1,1,1.12.0-DEV.153
3143370014,852925970,530498521,322368529,142480,0,5,append.jl,1,1,1.12.0-DEV.153
3135448365,847784583,525946181,321777202,142040,0,5,append.jl,1,1,1.12.0-DEV.153
3147210466,853690479,530494434,323136084,160680,0,5,append.jl,1,1,1.12.0-DEV.153
3139932380,850347061,527216816,323072165,139000,0,5,append.jl,1,1,1.12.0-DEV.153
3135986946,848714528,528094537,320558471,135842,0,5,append.jl,1,1,1.12.0-DEV.153
3131790351,850437334,527211332,323167802,133640,0,5,append.jl,1,1,1.12.0-DEV.153
3162643122,863015531,538482128,324458763,147641,0,5,append.jl,1,1,1.12.0-DEV.153
3132035474,849594795,528504687,321032028,138441,0,5,append.jl,1,1,1.12.0-DEV.153
3145013822,850915834,529204486,321653988,138640,0,5,append.jl,1,1,1.12.0-DEV.153
3112997450,842554040,522590382,319906698,139120,0,5,append.jl,1,1,1.12.0-DEV.153
3128515927,845269567,524740708,320470179,138642,0,5,append.jl,1,1,1.12.0-DEV.153
3125230138,846595608,525523908,321014820,146601,0,5,append.jl,1,1,1.12.0-DEV.153
3120188343,842861467,523604698,319193249,138441,0,5,append.jl,1,1,1.12.0-DEV.153
3129285159,846214233,526141661,320015372,120560,0,5,append.jl,1,1,1.12.0-DEV.153
3128705980,846648394,525520900,321071373,139440,0,5,append.jl,1,1,1.12.0-DEV.153
3128894765,846009826,525975297,319977289,142600,0,5,append.jl,1,1,1.12.0-DEV.153
3135353731,846083663,524866168,321159534,136160,0,5,append.jl,1,1,1.12.0-DEV.153
3112575636,842480048,522821201,319599527,136800,0,5,append.jl,1,1,1.12.0-DEV.153
3114745508,842670278,523218360,319394878,136081,0,5,append.jl,1,1,1.12.0-DEV.153
3128966664,850151905,528122055,321972010,141880,0,5,append.jl,1,1,1.12.0-DEV.153
2846772819,524762638,284942920,239762238,181560,0,4,append.jl,1,2,1.12.0-DEV.153
2864053068,527246208,283320192,243870696,188840,0,4,append.jl,1,2,1.12.0-DEV.153
2849196803,521315146,278675895,242581531,189840,0,4,append.jl,1,2,1.12.0-DEV.153
2862795079,528965730,285704477,243200932,181440,0,4,append.jl,1,2,1.12.0-DEV.153
2850253663,521955058,280108175,241790483,179961,0,4,append.jl,1,2,1.12.0-DEV.153
2845169354,524300986,283218624,241024762,195761,0,4,append.jl,1,2,1.12.0-DEV.153
2860172674,529582882,286761958,242764884,191961,0,4,append.jl,1,2,1.12.0-DEV.153
2858255137,519918050,278986813,240871797,187040,0,4,append.jl,1,2,1.12.0-DEV.153
2838341216,523806616,283832345,239921151,201563,0,4,append.jl,1,2,1.12.0-DEV.153
2852810335,529809919,287819001,241932918,188200,0,4,append.jl,1,2,1.12.0-DEV.153
2856855418,526248062,281989777,244201565,187200,0,4,append.jl,1,2,1.12.0-DEV.153
2851733271,529468990,285351705,244058365,186601,0,4,append.jl,1,2,1.12.0-DEV.153
2843821433,520946601,282200135,238690986,181680,0,4,append.jl,1,2,1.12.0-DEV.153
2847135954,520353599,278144320,242148479,185600,0,4,append.jl,1,2,1.12.0-DEV.153
2828923402,522193802,280127248,242009914,192922,0,4,append.jl,1,2,1.12.0-DEV.153
2833041246,521291155,282179251,239053064,181121,0,4,append.jl,1,2,1.12.0-DEV.153
2856119076,528232138,285502622,242670676,189882,0,4,append.jl,1,2,1.12.0-DEV.153
2841254135,521630673,282717133,238853700,196641,0,4,append.jl,1,2,1.12.0-DEV.153
2861097554,532224990,288761632,243404318,193521,0,4,append.jl,1,2,1.12.0-DEV.153
2855253765,526146607,283364135,242723072,177841,0,4,append.jl,1,2,1.12.0-DEV.153
2848639974,526573725,283052408,243465197,179040,0,4,append.jl,1,2,1.12.0-DEV.153
2871573164,533647870,286655662,246939168,191922,0,4,append.jl,1,2,1.12.0-DEV.153
2838661042,522362350,280000239,242299951,182561,0,4,append.jl,1,2,1.12.0-DEV.153
2850294233,528345888,284027214,244259914,191881,0,4,append.jl,1,2,1.12.0-DEV.153
2857716891,528993767,285914659,243022308,177001,0,4,append.jl,1,2,1.12.0-DEV.153
2603258854,389334492,183618786,205655426,182040,0,4,append.jl,1,4,1.12.0-DEV.153
2763175153,523215383,220905153,302239550,191283,0,6,append.jl,1,4,1.12.0-DEV.153
2749336218,512167064,213227249,298868375,209560,0,6,append.jl,1,4,1.12.0-DEV.153
2573402771,359692349,148118146,211523403,186760,0,4,append.jl,1,4,1.12.0-DEV.153
2594461596,370652422,149326031,221277791,195520,0,4,append.jl,1,4,1.12.0-DEV.153
2559525391,358632983,146659897,211922524,210840,0,4,append.jl,1,4,1.12.0-DEV.153
2781554580,530548804,220655871,309821693,203600,0,6,append.jl,1,4,1.12.0-DEV.153
2532948208,363881037,149572070,214255087,193482,0,4,append.jl,1,4,1.12.0-DEV.153
2730789754,513631866,213268282,300293984,205480,0,6,append.jl,1,4,1.12.0-DEV.153
2737343010,516125589,215235531,300821098,197480,0,6,append.jl,1,4,1.12.0-DEV.153
2522725995,358395620,144884492,213455128,208160,0,4,append.jl,1,4,1.12.0-DEV.153
2556936306,365504159,151698638,213753681,192760,0,4,append.jl,1,4,1.12.0-DEV.153
2532173176,362339068,148531665,213757603,203920,0,4,append.jl,1,4,1.12.0-DEV.153
2719465525,519236160,218887701,300279139,192601,0,6,append.jl,1,4,1.12.0-DEV.153
2726251021,529652514,220389584,309193209,197040,0,6,append.jl,1,4,1.12.0-DEV.153
2692207941,518832554,220454425,298310169,206041,0,6,append.jl,1,4,1.12.0-DEV.153
2513087970,358752895,148934141,209767954,198480,0,4,append.jl,1,4,1.12.0-DEV.153
2556848193,397712185,185194787,212459038,209881,0,4,append.jl,1,4,1.12.0-DEV.153
2464010635,359448334,150776429,208618665,217480,0,4,append.jl,1,4,1.12.0-DEV.153
2976033157,514409055,223321194,291021141,211841,0,6,append.jl,1,4,1.12.0-DEV.153
2723079538,505618343,211247994,294319069,194762,0,6,append.jl,1,4,1.12.0-DEV.153
2703421987,500041802,209165825,290822617,213241,0,6,append.jl,1,4,1.12.0-DEV.153
2697363082,497930235,207381257,290497738,188561,0,6,append.jl,1,4,1.12.0-DEV.153
2696307834,500086562,209728902,290307979,194320,0,6,append.jl,1,4,1.12.0-DEV.153
2696218629,500954642,209500222,291409500,195282,0,6,append.jl,1,4,1.12.0-DEV.153
2666576084,470130699,158545215,311520484,249362,0,6,append.jl,1,8,1.12.0-DEV.153
2673729305,465415004,156691286,308659398,247241,0,6,append.jl,1,8,1.12.0-DEV.153
2654726516,453618085,147887096,305670509,227761,0,6,append.jl,1,8,1.12.0-DEV.153
2691862757,464466999,151177909,313217489,247640,0,6,append.jl,1,8,1.12.0-DEV.153
2699682698,464265514,160462056,303738058,250400,0,6,append.jl,1,8,1.12.0-DEV.153
2733148966,475622473,156368001,319179872,248881,0,6,append.jl,1,8,1.12.0-DEV.153
2697111281,465043321,151699309,313273092,236840,0,6,append.jl,1,8,1.12.0-DEV.153
2707364031,460222619,155641840,304498979,235481,0,6,append.jl,1,8,1.12.0-DEV.153
2721931515,469208614,154693640,314442254,241002,0,6,append.jl,1,8,1.12.0-DEV.153
2686842834,447537258,147248214,300222203,243482,0,6,append.jl,1,8,1.12.0-DEV.153
2664162674,463596310,153490511,310042959,242321,0,6,append.jl,1,8,1.12.0-DEV.153
2657202368,460107419,151537187,308508151,238122,0,6,append.jl,1,8,1.12.0-DEV.153
2659104770,454888442,153186753,301643609,249080,0,6,append.jl,1,8,1.12.0-DEV.153
2649659935,462809384,156837287,305916857,241521,0,6,append.jl,1,8,1.12.0-DEV.153
2689443705,466641281,160567057,306002784,284120,0,6,append.jl,1,8,1.12.0-DEV.153
2633218994,454491840,151094226,303345054,213681,0,6,append.jl,1,8,1.12.0-DEV.153
2627102009,451439312,147896258,303487614,213040,0,6,append.jl,1,8,1.12.0-DEV.153
2646218190,457774088,148933776,308784231,240003,0,6,append.jl,1,8,1.12.0-DEV.153
2627364764,451036422,147277130,303703612,239322,0,6,append.jl,1,8,1.12.0-DEV.153
2590024437,434635251,157960886,276619005,224960,0,6,append.jl,1,8,1.12.0-DEV.153
2647282665,458031488,157849529,300127679,266400,0,6,append.jl,1,8,1.12.0-DEV.153
2627939637,452326507,147567411,304705256,238722,0,6,append.jl,1,8,1.12.0-DEV.153
2621327292,454774352,149458419,305260333,229321,0,6,append.jl,1,8,1.12.0-DEV.153
2607754644,414825942,125956939,288820083,234120,0,5,append.jl,1,8,1.12.0-DEV.153
2634858932,446876887,149670297,297154110,245520,0,6,append.jl,1,8,1.12.0-DEV.153
2583729239,423584089,114286742,309230227,258800,0,6,append.jl,1,16,1.12.0-DEV.153
2592691105,426753344,117771673,308919631,270482,0,6,append.jl,1,16,1.12.0-DEV.153
2583263032,435491167,122636326,312792241,253041,0,6,append.jl,1,16,1.12.0-DEV.153
2592242019,434912204,124923294,309927870,241720,0,6,append.jl,1,16,1.12.0-DEV.153
2585793195,423100045,114808823,308230222,240922,0,6,append.jl,1,16,1.12.0-DEV.153
2584119947,426682738,116490467,310127871,250841,0,6,append.jl,1,16,1.12.0-DEV.153
2605449895,437168731,122123605,314983246,242481,0,6,append.jl,1,16,1.12.0-DEV.153
2599374713,433607962,121119162,312428040,265800,0,6,append.jl,1,16,1.12.0-DEV.153
2587415470,425221611,115147742,310006948,245322,0,6,append.jl,1,16,1.12.0-DEV.153
2591362241,427821782,118152632,309600630,249760,0,6,append.jl,1,16,1.12.0-DEV.153
2595012051,428323697,116507544,311753873,255841,0,6,append.jl,1,16,1.12.0-DEV.153
2605782844,434599842,123156210,311380472,248480,0,6,append.jl,1,16,1.12.0-DEV.153
2592959399,431686675,119651238,311970276,240640,0,6,append.jl,1,16,1.12.0-DEV.153
2595179525,430439830,117535313,312841677,244400,0,6,append.jl,1,16,1.12.0-DEV.153
2569612797,426510292,116530667,309915585,226961,0,6,append.jl,1,16,1.12.0-DEV.153
2595907803,426561255,116220066,310280029,271480,0,6,append.jl,1,16,1.12.0-DEV.153
2607157358,435623881,121229800,314331161,260880,0,6,append.jl,1,16,1.12.0-DEV.153
2600049092,430446465,116686748,313699437,253601,0,6,append.jl,1,16,1.12.0-DEV.153
2606384631,433676075,118173108,315434127,256961,0,6,append.jl,1,16,1.12.0-DEV.153
2572025841,419720220,114212566,305439974,251200,0,6,append.jl,1,16,1.12.0-DEV.153
2596293497,432120414,125256349,306800903,251841,0,6,append.jl,1,16,1.12.0-DEV.153
2591465569,428576615,119866780,308645355,238721,0,6,append.jl,1,16,1.12.0-DEV.153
2606181524,429978825,117239138,312674447,243760,0,6,append.jl,1,16,1.12.0-DEV.153
2578545105,420810570,114932893,305812756,263841,0,6,append.jl,1,16,1.12.0-DEV.153
2607495410,434113326,120236906,313813700,254722,0,6,append.jl,1,16,1.12.0-DEV.153
3785635698,2863344551,2664943546,198378525,14720,0,2,many_refs.jl,1,1,1.12.0-DEV.153
3789985013,2864591122,2666418433,198150209,14840,0,2,many_refs.jl,1,1,1.12.0-DEV.153
3881446206,2867747139,2669670128,198056451,15200,0,2,many_refs.jl,1,1,1.12.0-DEV.153
3788342377,2864140578,2665950883,198167175,15960,0,2,many_refs.jl,1,1,1.12.0-DEV.153
3786739394,2863034461,2665028844,197983577,16040,0,2,many_refs.jl,1,1,1.12.0-DEV.153
3786443493,2862153625,2664019603,198112542,16200,0,2,many_refs.jl,1,1,1.12.0-DEV.153
3793342568,2865502597,2666977771,198501426,15600,0,2,many_refs.jl,1,1,1.12.0-DEV.153
3845127029,2907743340,2705430423,202289997,16400,0,2,many_refs.jl,1,1,1.12.0-DEV.153
3824391323,2882110607,2682412333,199677554,18080,0,2,many_refs.jl,1,1,1.12.0-DEV.153
3900729043,2884292655,2684980059,199290676,14120,0,2,many_refs.jl,1,1,1.12.0-DEV.153
3895532448,2878843166,2679950648,198871078,14520,0,2,many_refs.jl,1,1,1.12.0-DEV.153
3798501190,2872941631,2674173311,198748240,14481,0,2,many_refs.jl,1,1,1.12.0-DEV.153
3813436959,2882997737,2682930891,200046446,19920,0,2,many_refs.jl,1,1,1.12.0-DEV.153
3898475381,2880778172,2681711287,199046285,16000,0,2,many_refs.jl,1,1,1.12.0-DEV.153
3813455665,2877936125,2678868795,199046250,15720,0,2,many_refs.jl,1,1,1.12.0-DEV.153
3810397909,2875951517,2677097265,198831012,15920,0,2,many_refs.jl,1,1,1.12.0-DEV.153
3895378169,2876785478,2677879142,198884416,15840,0,2,many_refs.jl,1,1,1.12.0-DEV.153
3826383607,2884216774,2683678432,200517022,14440,0,2,many_refs.jl,1,1,1.12.0-DEV.153
3934660087,2895355957,2693905610,201426907,16161,0,2,many_refs.jl,1,1,1.12.0-DEV.153
3827236946,2890446542,2689826316,200597426,15600,0,2,many_refs.jl,1,1,1.12.0-DEV.153
3806113819,2875945019,2676916873,199007546,15320,0,2,many_refs.jl,1,1,1.12.0-DEV.153
3809071592,2876359176,2676760386,199576350,14560,0,2,many_refs.jl,1,1,1.12.0-DEV.153
3801748777,2873728841,2674548410,199157071,15280,0,2,many_refs.jl,1,1,1.12.0-DEV.153
3816146697,2879673049,2680537177,199115872,15360,0,2,many_refs.jl,1,1,1.12.0-DEV.153
3820265510,2882587249,2682879733,199686356,17080,0,2,many_refs.jl,1,1,1.12.0-DEV.153
2419679316,1495696520,1377239932,118435268,16880,0,1,many_refs.jl,1,2,1.12.0-DEV.153
2424857952,1501294308,1382361639,118909909,16840,0,1,many_refs.jl,1,2,1.12.0-DEV.153
2438831251,1508505262,1390624234,117859988,18400,0,1,many_refs.jl,1,2,1.12.0-DEV.153
2413668167,1494409558,1376393769,117995029,18480,0,1,many_refs.jl,1,2,1.12.0-DEV.153
2418609640,1495853174,1378801427,117029387,15800,0,1,many_refs.jl,1,2,1.12.0-DEV.153
2524148338,1512693430,1373800904,138871486,16400,0,2,many_refs.jl,1,2,1.12.0-DEV.153
2441399461,1511824521,1374821120,136981321,17201,0,2,many_refs.jl,1,2,1.12.0-DEV.153
2434610223,1515745224,1372710724,143011300,17560,0,2,many_refs.jl,1,2,1.12.0-DEV.153
2525018322,1512261707,1373962899,138270888,16720,0,2,many_refs.jl,1,2,1.12.0-DEV.153
2434583662,1516754572,1374814432,141917940,15640,0,2,many_refs.jl,1,2,1.12.0-DEV.153
2438575492,1513430454,1375974887,137432927,16960,0,2,many_refs.jl,1,2,1.12.0-DEV.153
2494389900,1491272407,1373271850,117979757,17560,0,1,many_refs.jl,1,2,1.12.0-DEV.153
2523227396,1511637552,1373587420,138027492,22440,0,2,many_refs.jl,1,2,1.12.0-DEV.153
2415944284,1489846303,1371688744,118135519,16841,0,1,many_refs.jl,1,2,1.12.0-DEV.153
2496319720,1487251068,1371597835,115632153,17920,0,1,many_refs.jl,1,2,1.12.0-DEV.153
2520811604,1508077655,1371281844,136772171,19760,0,2,many_refs.jl,1,2,1.12.0-DEV.153
2431084618,1510278751,1373456659,136800172,17240,0,2,many_refs.jl,1,2,1.12.0-DEV.153
2428700948,1503577223,1367305452,136249330,19041,0,2,many_refs.jl,1,2,1.12.0-DEV.153
2519955774,1514685984,1373298317,141364907,15960,0,2,many_refs.jl,1,2,1.12.0-DEV.153
2436490682,1516511440,1374751929,141737270,16280,0,2,many_refs.jl,1,2,1.12.0-DEV.153
2440636189,1511953716,1374281379,137651657,17040,0,2,many_refs.jl,1,2,1.12.0-DEV.153
2427105527,1507145512,1370156855,136967577,19760,0,2,many_refs.jl,1,2,1.12.0-DEV.153
2527914741,1514895185,1376251001,138621024,16360,0,2,many_refs.jl,1,2,1.12.0-DEV.153
2441179637,1512258107,1374264763,137972264,20640,0,2,many_refs.jl,1,2,1.12.0-DEV.153
2434788074,1510944953,1374565134,136357219,18400,0,2,many_refs.jl,1,2,1.12.0-DEV.153
2120810975,1212320131,1145973106,66326345,17400,0,1,many_refs.jl,1,4,1.12.0-DEV.153
2122743633,1215404426,1132524795,82858551,17360,0,2,many_refs.jl,1,4,1.12.0-DEV.153
2131005148,1214929191,1129372433,85534438,17680,0,2,many_refs.jl,1,4,1.12.0-DEV.153
2133226886,1217341085,1132160767,85156158,17400,0,2,many_refs.jl,1,4,1.12.0-DEV.153
2145663612,1227550120,1160770013,66758227,20160,0,1,many_refs.jl,1,4,1.12.0-DEV.153
2121528716,1213428647,1128380647,85025640,16600,0,2,many_refs.jl,1,4,1.12.0-DEV.153
2128032145,1213003411,1146198745,66781986,17200,0,1,many_refs.jl,1,4,1.12.0-DEV.153
2149410377,1228501982,1141889378,86588044,16960,0,2,many_refs.jl,1,4,1.12.0-DEV.153
2164377470,1237078372,1154185339,82870073,18800,0,2,many_refs.jl,1,4,1.12.0-DEV.153
2143864944,1227218073,1143412195,83782958,20000,0,2,many_refs.jl,1,4,1.12.0-DEV.153
2146443762,1221417341,1137349623,84044598,20201,0,2,many_refs.jl,1,4,1.12.0-DEV.153
2165262426,1240458841,1157028484,83407797,22120,0,2,many_refs.jl,1,4,1.12.0-DEV.153
2138789722,1223570840,1136596832,86945728,20560,0,2,many_refs.jl,1,4,1.12.0-DEV.153
2140496137,1217023827,1132874867,84127320,19880,0,2,many_refs.jl,1,4,1.12.0-DEV.153
2144058637,1218832438,1134791758,84017160,18680,0,2,many_refs.jl,1,4,1.12.0-DEV.153
2169247280,1238920661,1155359942,83538039,20560,0,2,many_refs.jl,1,4,1.12.0-DEV.153
2134125629,1209943704,1125476102,84446402,18880,0,2,many_refs.jl,1,4,1.12.0-DEV.153
2140894258,1216187167,1132106046,84057481,18440,0,2,many_refs.jl,1,4,1.12.0-DEV.153
2161831608,1235928388,1151552626,84353162,20240,0,2,many_refs.jl,1,4,1.12.0-DEV.153
2139033432,1212094286,1128876887,83195279,18760,0,2,many_refs.jl,1,4,1.12.0-DEV.153
2155924690,1229688863,1142931293,86734170,21920,0,2,many_refs.jl,1,4,1.12.0-DEV.153
2150176243,1223365930,1139780809,83562721,18640,0,2,many_refs.jl,1,4,1.12.0-DEV.153
2145563639,1218274400,1134463157,83788643,20840,0,2,many_refs.jl,1,4,1.12.0-DEV.153
2149734140,1234122371,1146809318,87290133,20640,0,2,many_refs.jl,1,4,1.12.0-DEV.153
2160174299,1228012197,1143987355,84003362,19761,0,2,many_refs.jl,1,4,1.12.0-DEV.153
2367977671,1416738872,1353559088,63156184,22040,0,2,many_refs.jl,1,8,1.12.0-DEV.153
2354844561,1422409093,1357983546,64402907,23640,0,2,many_refs.jl,1,8,1.12.0-DEV.153
2394456126,1453344309,1392350332,60971537,21200,0,2,many_refs.jl,1,8,1.12.0-DEV.153
2335364723,1402820087,1342548631,60250496,20760,0,2,many_refs.jl,1,8,1.12.0-DEV.153
2394094584,1465067234,1399838564,65207030,21840,0,2,many_refs.jl,1,8,1.12.0-DEV.153
2389759580,1459404823,1395659117,63722826,21600,0,2,many_refs.jl,1,8,1.12.0-DEV.153
2357796016,1428746899,1366051356,62671423,21920,0,2,many_refs.jl,1,8,1.12.0-DEV.153
2426703067,1480093215,1418796916,61274059,21200,0,2,many_refs.jl,1,8,1.12.0-DEV.153
2373793239,1423008092,1361343232,61641700,21160,0,2,many_refs.jl,1,8,1.12.0-DEV.153
2343564679,1413330029,1349034841,64271708,21160,0,2,many_refs.jl,1,8,1.12.0-DEV.153
2359444655,1430424443,1365205011,65195352,21281,0,2,many_refs.jl,1,8,1.12.0-DEV.153
2467372620,1445517853,1381111384,64382029,19840,0,2,many_refs.jl,1,8,1.12.0-DEV.153
2362810520,1429291571,1368001071,61267419,19920,0,2,many_refs.jl,1,8,1.12.0-DEV.153
2351243814,1402619697,1341760918,60836579,21120,0,2,many_refs.jl,1,8,1.12.0-DEV.153
2385298162,1453175011,1389921664,63228947,20160,0,2,many_refs.jl,1,8,1.12.0-DEV.153
2381042758,1448733882,1386008938,62701424,20080,0,2,many_refs.jl,1,8,1.12.0-DEV.153
2389110069,1441786667,1380641245,61123662,20200,0,2,many_refs.jl,1,8,1.12.0-DEV.153
2376601519,1441171388,1380318608,60829580,21760,0,2,many_refs.jl,1,8,1.12.0-DEV.153
2387106758,1455725995,1392383329,63318066,18400,0,2,many_refs.jl,1,8,1.12.0-DEV.153
2441907167,1417833928,1355521863,62287905,20920,0,2,many_refs.jl,1,8,1.12.0-DEV.153
2477755720,1439781477,1377843853,61915664,22120,0,2,many_refs.jl,1,8,1.12.0-DEV.153
2325181914,1382416270,1317185197,65207513,20560,0,2,many_refs.jl,1,8,1.12.0-DEV.153
2383350014,1456640497,1394262150,62355147,21160,0,2,many_refs.jl,1,8,1.12.0-DEV.153
2341808017,1415080536,1351630187,63427109,22320,0,2,many_refs.jl,1,8,1.12.0-DEV.153
2346787997,1414676339,1353996758,60658461,21920,0,2,many_refs.jl,1,8,1.12.0-DEV.153
3476245295,2535518206,2473802824,61691182,21480,0,2,many_refs.jl,1,16,1.12.0-DEV.153
3336378968,2402275137,2344046482,58207175,22160,0,2,many_refs.jl,1,16,1.12.0-DEV.153
3371495002,2439882056,2377811511,62048505,21201,0,2,many_refs.jl,1,16,1.12.0-DEV.153
3412430575,2487317167,2424810780,62482507,27120,0,2,many_refs.jl,1,16,1.12.0-DEV.153
3267099468,2335361598,2274979497,60358941,20080,0,2,many_refs.jl,1,16,1.12.0-DEV.153
3490739788,2463352106,2401587242,61742424,20880,0,2,many_refs.jl,1,16,1.12.0-DEV.153
3541906391,2615926612,2550603655,65298676,22480,0,2,many_refs.jl,1,16,1.12.0-DEV.153
3360427055,2426816811,2364709784,62083947,22760,0,2,many_refs.jl,1,16,1.12.0-DEV.153
3397784296,2467311219,2406197197,61090462,28040,0,2,many_refs.jl,1,16,1.12.0-DEV.153
3404817765,2458818638,2396253810,62542428,20881,0,2,many_refs.jl,1,16,1.12.0-DEV.153
3386984160,2454020871,2392938607,61059424,22560,0,2,many_refs.jl,1,16,1.12.0-DEV.153
3401556452,2468760761,2408796782,59940699,21800,0,2,many_refs.jl,1,16,1.12.0-DEV.153
3440280777,2507668845,2446437741,61208184,22920,0,2,many_refs.jl,1,16,1.12.0-DEV.153
3264761775,2320013364,2258842619,61147425,25920,0,2,many_refs.jl,1,16,1.12.0-DEV.153
3315451976,2371715565,2311925385,59767420,22040,0,2,many_refs.jl,1,16,1.12.0-DEV.153
3490962114,2559430098,2499549998,59855860,21200,0,2,many_refs.jl,1,16,1.12.0-DEV.153
3484296222,2551242158,2488581648,62638430,20800,0,2,many_refs.jl,1,16,1.12.0-DEV.153
3455832023,2521294754,2462207814,59064500,21760,0,2,many_refs.jl,1,16,1.12.0-DEV.153
3458737720,2505232591,2443182442,62025029,21280,0,2,many_refs.jl,1,16,1.12.0-DEV.153
3377503200,2447900662,2388000000,59877782,22600,0,2,many_refs.jl,1,16,1.12.0-DEV.153
3370072505,2440413965,2375944608,64446957,22440,0,2,many_refs.jl,1,16,1.12.0-DEV.153
3354236303,2423694239,2359506084,64163115,21280,0,2,many_refs.jl,1,16,1.12.0-DEV.153
3415180815,2472289671,2406700193,65564918,28880,0,2,many_refs.jl,1,16,1.12.0-DEV.153
3478027373,2545804779,2484579872,61204547,22160,0,2,many_refs.jl,1,16,1.12.0-DEV.153
3421489207,2476507973,2413723822,62761111,20680,0,2,many_refs.jl,1,16,1.12.0-DEV.153
1332436136,714958456,681800154,33134422,26160,0,2,single_ref.jl,1,1,1.12.0-DEV.153
1332018255,714772975,681557115,33192340,26561,0,2,single_ref.jl,1,1,1.12.0-DEV.153
1330869335,715277259,682095838,33160821,25480,0,2,single_ref.jl,1,1,1.12.0-DEV.153
1335497830,713503455,680247594,33233020,25840,0,2,single_ref.jl,1,1,1.12.0-DEV.153
1323309675,710501686,677930067,32551059,27120,0,2,single_ref.jl,1,1,1.12.0-DEV.153
1328864414,709911724,677152705,32735699,26920,0,2,single_ref.jl,1,1,1.12.0-DEV.153
1324954763,714461460,681284480,33156220,26040,0,2,single_ref.jl,1,1,1.12.0-DEV.153
1336571481,717868471,684334768,33510663,26040,0,2,single_ref.jl,1,1,1.12.0-DEV.153
1330115503,716307388,683053926,33229982,24760,0,2,single_ref.jl,1,1,1.12.0-DEV.153
1334839879,712525377,679287555,33214982,23960,0,2,single_ref.jl,1,1,1.12.0-DEV.153
1326218335,712965979,679823919,33117460,26280,0,2,single_ref.jl,1,1,1.12.0-DEV.153
1329435986,710918774,677776393,33120821,26000,0,2,single_ref.jl,1,1,1.12.0-DEV.153
1333421680,716219033,682950612,33246741,26320,0,2,single_ref.jl,1,1,1.12.0-DEV.153
1338733617,720626286,687183264,33419342,26520,0,2,single_ref.jl,1,1,1.12.0-DEV.153
1324047334,713050945,679416802,33613063,24840,0,2,single_ref.jl,1,1,1.12.0-DEV.153
1336720815,716141634,682787051,33332583,25720,0,2,single_ref.jl,1,1,1.12.0-DEV.153
1329094833,713454147,680339044,33092303,25640,0,2,single_ref.jl,1,1,1.12.0-DEV.153
1336936378,714006468,680428526,33553942,24800,0,2,single_ref.jl,1,1,1.12.0-DEV.153
1324754703,712782346,679678804,33081502,22520,0,2,single_ref.jl,1,1,1.12.0-DEV.153
1333360651,711565502,678524641,33019981,25760,0,2,single_ref.jl,1,1,1.12.0-DEV.153
1325775668,713666230,680513888,33130102,25800,0,2,single_ref.jl,1,1,1.12.0-DEV.153
1338478070,712345506,679342726,32979700,32600,0,2,single_ref.jl,1,1,1.12.0-DEV.153
1331690610,716074480,682883859,33169541,27400,0,2,single_ref.jl,1,1,1.12.0-DEV.153
1337264868,714702475,681483853,33197062,29160,0,2,single_ref.jl,1,1,1.12.0-DEV.153
1322695945,708961418,676216477,32720821,23360,0,2,single_ref.jl,1,1,1.12.0-DEV.153
1130195154,514114340,488330901,25759999,31400,0,2,single_ref.jl,1,2,1.12.0-DEV.153
1137563058,522188006,494511361,27653165,26280,0,2,single_ref.jl,1,2,1.12.0-DEV.153
1176606299,560735805,534117642,26585042,27000,0,2,single_ref.jl,1,2,1.12.0-DEV.153
1145378324,524110532,496530248,27557604,30480,0,2,single_ref.jl,1,2,1.12.0-DEV.153
1129607717,511920297,484249772,27648285,28480,0,2,single_ref.jl,1,2,1.12.0-DEV.153
1144326803,523035810,495248846,27763444,30240,0,2,single_ref.jl,1,2,1.12.0-DEV.153
1120776331,509953970,486553539,23377311,29041,0,2,single_ref.jl,1,2,1.12.0-DEV.153
1133342932,515379507,491854675,23502352,30360,0,2,single_ref.jl,1,2,1.12.0-DEV.153
1186098335,566301705,539624304,26646241,28280,0,2,single_ref.jl,1,2,1.12.0-DEV.153
1140374235,518219398,490633474,27562684,28840,0,2,single_ref.jl,1,2,1.12.0-DEV.153
1131991010,519568802,491960918,27586484,28800,0,2,single_ref.jl,1,2,1.12.0-DEV.153
1182796808,560847649,534334287,26479762,28080,0,2,single_ref.jl,1,2,1.12.0-DEV.153
1137803230,522898973,494533007,28343126,29000,0,2,single_ref.jl,1,2,1.12.0-DEV.153
1147672701,521262089,492559081,28681288,30760,0,2,single_ref.jl,1,2,1.12.0-DEV.153
1128686244,515050069,488197747,26829402,28401,0,2,single_ref.jl,1,2,1.12.0-DEV.153
1122348585,503927756,480587963,23318432,29240,0,2,single_ref.jl,1,2,1.12.0-DEV.153
1183510534,568266155,541602753,26629042,26080,0,2,single_ref.jl,1,2,1.12.0-DEV.153
1148721508,523983499,495988133,27971206,29120,0,2,single_ref.jl,1,2,1.12.0-DEV.153
1186688586,571047765,544230362,26788323,28880,0,2,single_ref.jl,1,2,1.12.0-DEV.153
1179488206,563642222,536681498,26925644,29760,0,2,single_ref.jl,1,2,1.12.0-DEV.153
1137098955,523939137,494774169,29142208,29880,0,2,single_ref.jl,1,2,1.12.0-DEV.153
1192584807,568877560,542112077,26735163,32840,0,2,single_ref.jl,1,2,1.12.0-DEV.153
1138123800,521139693,492697525,28419768,28880,0,2,single_ref.jl,1,2,1.12.0-DEV.153
1193373811,568297758,541809356,26456722,29680,0,2,single_ref.jl,1,2,1.12.0-DEV.153
1194654096,578204669,551466907,26705522,29600,0,2,single_ref.jl,1,2,1.12.0-DEV.153
1016905587,393260696,370021305,23214831,29400,0,2,single_ref.jl,1,4,1.12.0-DEV.153
1005410312,393509419,368504861,24979118,28440,0,2,single_ref.jl,1,4,1.12.0-DEV.153
1015968465,393417258,370068786,23322992,28760,0,2,single_ref.jl,1,4,1.12.0-DEV.153
1007154159,389973529,366303774,23645795,28520,0,2,single_ref.jl,1,4,1.12.0-DEV.153
1026959460,397280989,372590513,24666876,30000,0,2,single_ref.jl,1,4,1.12.0-DEV.153
1011769254,391504574,367681579,23799555,30640,0,2,single_ref.jl,1,4,1.12.0-DEV.153
1024905936,397588993,371224711,26337962,29560,0,2,single_ref.jl,1,4,1.12.0-DEV.153
1022627649,397986953,374087999,23874554,29680,0,2,single_ref.jl,1,4,1.12.0-DEV.153
1010599493,395480585,371568431,23887874,30800,0,2,single_ref.jl,1,4,1.12.0-DEV.153
1007341083,389387127,366405216,22957031,30480,0,2,single_ref.jl,1,4,1.12.0-DEV.153
1029820313,404698095,381115582,23560193,32480,0,2,single_ref.jl,1,4,1.12.0-DEV.153
1018268838,392319217,369305186,22989231,28120,0,2,single_ref.jl,1,4,1.12.0-DEV.153
1036492495,410372234,386685160,23661194,32800,0,2,single_ref.jl,1,4,1.12.0-DEV.153
1023783097,393192900,371074032,22091668,30000,0,2,single_ref.jl,1,4,1.12.0-DEV.153
1011567059,398542837,374861483,23656594,29921,0,2,single_ref.jl,1,4,1.12.0-DEV.153
1015176110,402777330,376489448,26263202,31800,0,2,single_ref.jl,1,4,1.12.0-DEV.153
996372173,395763869,371899195,23838394,32080,0,2,single_ref.jl,1,4,1.12.0-DEV.153
1009521894,401762887,378353494,23384832,29880,0,2,single_ref.jl,1,4,1.12.0-DEV.153
1006810886,406605542,382359226,24220235,31200,0,2,single_ref.jl,1,4,1.12.0-DEV.153
1015384154,399297240,371821674,27445885,40121,0,2,single_ref.jl,1,4,1.12.0-DEV.153
996828496,401229007,374923164,26281363,33280,0,2,single_ref.jl,1,4,1.12.0-DEV.153
992637244,393690983,369640627,24027316,30321,0,2,single_ref.jl,1,4,1.12.0-DEV.153
987701589,391982979,368101985,23856874,29000,0,2,single_ref.jl,1,4,1.12.0-DEV.153
993877049,397705236,374815206,22865910,30600,0,2,single_ref.jl,1,4,1.12.0-DEV.153
1001838394,393813065,369995511,23793594,29680,0,2,single_ref.jl,1,4,1.12.0-DEV.153
997928183,371847316,349476207,22348469,30881,0,2,single_ref.jl,1,8,1.12.0-DEV.153
1008255855,389875533,367108021,22740752,30400,0,2,single_ref.jl,1,8,1.12.0-DEV.153
1000071390,376704171,350537410,26142041,35240,0,2,single_ref.jl,1,8,1.12.0-DEV.153
967013968,375165846,352387335,22753911,32320,0,2,single_ref.jl,1,8,1.12.0-DEV.153
996718820,376683011,353855380,22804671,32120,0,2,single_ref.jl,1,8,1.12.0-DEV.153
991438405,377998415,351808494,26161121,34960,0,2,single_ref.jl,1,8,1.12.0-DEV.153
993293250,373074842,349981691,23068511,30320,0,2,single_ref.jl,1,8,1.12.0-DEV.153
994917336,373872683,351152974,22694749,28920,0,2,single_ref.jl,1,8,1.12.0-DEV.153
997650065,374582046,349057847,25497599,30120,0,2,single_ref.jl,1,8,1.12.0-DEV.153
1003776445,380527265,357737194,22764951,29520,0,2,single_ref.jl,1,8,1.12.0-DEV.153
991421567,373876525,351740575,22112190,31080,0,2,single_ref.jl,1,8,1.12.0-DEV.153
994661617,376644975,351085254,25535361,30840,0,2,single_ref.jl,1,8,1.12.0-DEV.153
991672847,377113734,356558871,20529343,29800,0,2,single_ref.jl,1,8,1.12.0-DEV.153
987969477,372029959,350858414,21147305,30720,0,2,single_ref.jl,1,8,1.12.0-DEV.153
977109763,373872405,349543129,24305796,29360,0,2,single_ref.jl,1,8,1.12.0-DEV.153
979534331,375725451,352987340,22711991,28600,0,2,single_ref.jl,1,8,1.12.0-DEV.153
974982838,379621022,356138549,23455713,28200,0,2,single_ref.jl,1,8,1.12.0-DEV.153
975283758,372339680,349663330,22650110,30120,0,2,single_ref.jl,1,8,1.12.0-DEV.153
965986810,369476031,347377362,22074149,30921,0,2,single_ref.jl,1,8,1.12.0-DEV.153
969425581,376637454,353638742,22974910,30080,0,2,single_ref.jl,1,8,1.12.0-DEV.153
959540550,370527114,347283682,23217192,29480,0,2,single_ref.jl,1,8,1.12.0-DEV.153
967581056,375323769,352765620,22533869,28320,0,2,single_ref.jl,1,8,1.12.0-DEV.153
954780536,366484703,345852480,20610343,31320,0,2,single_ref.jl,1,8,1.12.0-DEV.153
972836953,378053899,353175341,24853998,44920,0,2,single_ref.jl,1,8,1.12.0-DEV.153
986156555,370752237,348803688,21923589,30520,0,2,single_ref.jl,1,8,1.12.0-DEV.153
995844026,371408678,343907832,27473166,31320,0,2,single_ref.jl,1,16,1.12.0-DEV.153
984812751,369479073,341697627,27754046,30761,0,2,single_ref.jl,1,16,1.12.0-DEV.153
989911848,369409712,341294384,28088168,31240,0,2,single_ref.jl,1,16,1.12.0-DEV.153
983662869,366154301,337911133,28214248,30481,0,2,single_ref.jl,1,16,1.12.0-DEV.153
988946085,369010072,340918423,28066168,30720,0,2,single_ref.jl,1,16,1.12.0-DEV.153
987999322,371028438,343083551,27919247,30320,0,2,single_ref.jl,1,16,1.12.0-DEV.153
984073591,368598951,340402822,28168968,30680,0,2,single_ref.jl,1,16,1.12.0-DEV.153
985043993,369220512,340979345,28217687,36440,0,2,single_ref.jl,1,16,1.12.0-DEV.153
996291669,375243772,347275805,27941806,35280,0,2,single_ref.jl,1,16,1.12.0-DEV.153
983437309,369912594,340953506,28932608,30680,0,2,single_ref.jl,1,16,1.12.0-DEV.153
993051260,369482475,341327986,28128169,28800,0,2,single_ref.jl,1,16,1.12.0-DEV.153
994180623,370272037,341602308,28640289,32800,0,2,single_ref.jl,1,16,1.12.0-DEV.153
972563676,374224048,342090307,32104420,33281,0,2,single_ref.jl,1,16,1.12.0-DEV.153
977375932,370366276,342392868,27948647,30720,0,2,single_ref.jl,1,16,1.12.0-DEV.153
963459147,367350078,339643137,27680581,31560,0,2,single_ref.jl,1,16,1.12.0-DEV.153
956921491,366499274,339035457,27438897,33560,0,2,single_ref.jl,1,16,1.12.0-DEV.153
968808089,376346462,347328320,28992862,30040,0,2,single_ref.jl,1,16,1.12.0-DEV.153
963426091,372406738,344100238,28281460,32240,0,2,single_ref.jl,1,16,1.12.0-DEV.153
968041952,372955142,343298160,29632982,30360,0,2,single_ref.jl,1,16,1.12.0-DEV.153
965188120,369850783,341186482,28639381,29000,0,2,single_ref.jl,1,16,1.12.0-DEV.153
967899698,369187305,341756247,27403658,29360,0,2,single_ref.jl,1,16,1.12.0-DEV.153
963683382,369048590,341774012,27251138,31880,0,2,single_ref.jl,1,16,1.12.0-DEV.153
960428866,369477914,341340853,28111021,30760,0,2,single_ref.jl,1,16,1.12.0-DEV.153
961180959,370727683,340882657,29819505,30760,0,2,single_ref.jl,1,16,1.12.0-DEV.153
955637199,366636278,339765500,26846458,29600,0,2,single_ref.jl,1,16,1.12.0-DEV.153
1376431052,297250889,262905535,34340754,103681,0,0,pollard.jl,1,1,1.12.0-DEV.153
1537192424,301336263,266586866,34745037,92960,0,0,pollard.jl,1,1,1.12.0-DEV.153
1514098113,294858892,260731098,34123754,90800,0,0,pollard.jl,1,1,1.12.0-DEV.153
1505038071,299475868,264594310,34877998,84560,0,0,pollard.jl,1,1,1.12.0-DEV.153
1522626250,297902347,263002190,34897037,85840,0,0,pollard.jl,1,1,1.12.0-DEV.153
1465687821,293199981,258304942,34890559,103480,0,0,pollard.jl,1,1,1.12.0-DEV.153
1496778909,302576846,264333479,38239687,98361,0,0,pollard.jl,1,1,1.12.0-DEV.153
1524355872,297945437,262175715,35765802,99841,0,0,pollard.jl,1,1,1.12.0-DEV.153
1476727541,305534938,268958494,36572524,93800,0,0,pollard.jl,1,1,1.12.0-DEV.153
1462806527,309332151,273302069,36026322,109361,0,0,pollard.jl,1,1,1.12.0-DEV.153
1503294236,300199335,264796051,35399684,103241,0,0,pollard.jl,1,1,1.12.0-DEV.153
1488613380,291102158,255636395,35461843,100640,0,0,pollard.jl,1,1,1.12.0-DEV.153
1457203963,306536034,270048790,36483804,95721,0,0,pollard.jl,1,1,1.12.0-DEV.153
1517431241,299273303,263695819,35573324,109320,0,0,pollard.jl,1,1,1.12.0-DEV.153
1428231326,290614126,255948723,34661203,103600,0,0,pollard.jl,1,1,1.12.0-DEV.153
1534594794,299179107,263894586,35279961,106040,0,0,pollard.jl,1,1,1.12.0-DEV.153
1298334408,294658500,259214216,35439404,94320,0,0,pollard.jl,1,1,1.12.0-DEV.153
1487676913,291148293,255738971,35404722,94240,0,0,pollard.jl,1,1,1.12.0-DEV.153
1513081549,303646050,267879963,35761607,93880,0,0,pollard.jl,1,1,1.12.0-DEV.153
1535664258,307338020,270908013,36425167,92880,0,0,pollard.jl,1,1,1.12.0-DEV.153
1565220665,309033907,271437376,37592451,100160,0,0,pollard.jl,1,1,1.12.0-DEV.153
1465114118,303833137,267543609,36285408,81001,0,0,pollard.jl,1,1,1.12.0-DEV.153
1509988001,304687544,268684655,35998649,92520,0,0,pollard.jl,1,1,1.12.0-DEV.153
1471656042,302071819,265898813,36168966,91960,0,0,pollard.jl,1,1,1.12.0-DEV.153
1511468513,299117134,263562126,35551208,101321,0,0,pollard.jl,1,1,1.12.0-DEV.153
1570463231,362657173,317890064,44751549,90400,0,1,pollard.jl,1,2,1.12.0-DEV.153
1548357711,358761770,314545580,44203030,81160,0,1,pollard.jl,1,2,1.12.0-DEV.153
1614486369,367902832,323191601,44695711,104200,0,1,pollard.jl,1,2,1.12.0-DEV.153
1426574995,363765946,326363694,37387012,100040,0,0,pollard.jl,1,2,1.12.0-DEV.153
1657823024,360782461,324758172,36009049,97920,0,0,pollard.jl,1,2,1.12.0-DEV.153
1550074689,359095381,314837550,44243071,88760,0,1,pollard.jl,1,2,1.12.0-DEV.153
1432856246,374936704,330831433,44090671,97240,0,1,pollard.jl,1,2,1.12.0-DEV.153
1605575812,356787061,321710173,35063208,96080,0,0,pollard.jl,1,2,1.12.0-DEV.153
1546678676,371321580,327018749,44287671,99921,0,1,pollard.jl,1,2,1.12.0-DEV.153
1633219067,359595272,322953460,36628372,102760,0,0,pollard.jl,1,2,1.12.0-DEV.153
1572970486,352993219,310322232,42657747,87080,0,1,pollard.jl,1,2,1.12.0-DEV.153
1583968406,361334803,317209212,44111231,85680,0,1,pollard.jl,1,2,1.12.0-DEV.153
1626686567,364010733,326577998,37417815,109480,0,0,pollard.jl,1,2,1.12.0-DEV.153
1603987640,361243169,325142315,36084854,97160,0,0,pollard.jl,1,2,1.12.0-DEV.153
1487038830,360497612,324066836,36416416,112080,0,0,pollard.jl,1,2,1.12.0-DEV.153
1585538215,367874229,323663836,44194873,111480,0,1,pollard.jl,1,2,1.12.0-DEV.153
1543036276,362852421,318306344,44532517,82200,0,1,pollard.jl,1,2,1.12.0-DEV.153
1491657593,364224146,327041931,37167135,111760,0,0,pollard.jl,1,2,1.12.0-DEV.153
1539270527,371453328,333986510,37453698,105920,0,0,pollard.jl,1,2,1.12.0-DEV.153
1599019333,353250323,318218911,35016772,112840,0,0,pollard.jl,1,2,1.12.0-DEV.153
1554958588,361151985,318060072,43077711,101320,0,1,pollard.jl,1,2,1.12.0-DEV.153
1617386682,361931429,325383974,36532455,113440,0,0,pollard.jl,1,2,1.12.0-DEV.153
1577383386,358330621,314274427,44041154,89800,0,1,pollard.jl,1,2,1.12.0-DEV.153
1564930083,379451919,341927821,37508098,109840,0,0,pollard.jl,1,2,1.12.0-DEV.153
1537645220,355279538,318413601,36851257,113481,0,0,pollard.jl,1,2,1.12.0-DEV.153
1544146047,291380171,262625256,28746315,122520,0,0,pollard.jl,1,4,1.12.0-DEV.153
1471154182,276090251,251870267,24214064,106240,0,0,pollard.jl,1,4,1.12.0-DEV.153
1572026458,293957501,264878665,29070196,116240,0,0,pollard.jl,1,4,1.12.0-DEV.153
1501173679,285192319,259553011,25632748,100080,0,0,pollard.jl,1,4,1.12.0-DEV.153
1471991569,282728953,258401368,24320465,104561,0,0,pollard.jl,1,4,1.12.0-DEV.153
1495555080,281390352,256781006,24602506,116000,0,0,pollard.jl,1,4,1.12.0-DEV.153
1376421888,285454005,256815609,28631116,125280,0,0,pollard.jl,1,4,1.12.0-DEV.153
1427657513,295462154,266249677,29203917,127960,0,0,pollard.jl,1,4,1.12.0-DEV.153
1514670675,283896485,258204055,25686150,116640,0,0,pollard.jl,1,4,1.12.0-DEV.153
1529454243,279995556,254861247,25127149,94440,0,0,pollard.jl,1,4,1.12.0-DEV.153
1518961582,296710161,268082883,28619278,120080,0,0,pollard.jl,1,4,1.12.0-DEV.153
1414484067,283925208,260061383,23857625,101561,0,0,pollard.jl,1,4,1.12.0-DEV.153
1537251926,282279887,257145178,25129229,114520,0,0,pollard.jl,1,4,1.12.0-DEV.153
1503417602,289313386,260985348,28319718,107760,0,0,pollard.jl,1,4,1.12.0-DEV.153
1540422310,292090595,264583959,27499316,122000,0,0,pollard.jl,1,4,1.12.0-DEV.153
1569360276,288092266,261504874,26580832,96560,0,0,pollard.jl,1,4,1.12.0-DEV.153
1494819120,287904786,262585197,25312069,106760,0,0,pollard.jl,1,4,1.12.0-DEV.153
1606057871,299123818,269512415,29603083,119601,0,0,pollard.jl,1,4,1.12.0-DEV.153
1522259609,286282224,261410517,24866427,106600,0,0,pollard.jl,1,4,1.12.0-DEV.153
1514352394,293897567,267992734,25896953,104761,0,0,pollard.jl,1,4,1.12.0-DEV.153
1361586182,292259163,264323847,27927796,119200,0,0,pollard.jl,1,4,1.12.0-DEV.153
1425601803,281087135,256614187,24466868,107480,0,0,pollard.jl,1,4,1.12.0-DEV.153
1487963101,280120173,254578542,25535231,94280,0,0,pollard.jl,1,4,1.12.0-DEV.153
1538336247,340957981,314889949,26051392,85200,0,0,pollard.jl,1,4,1.12.0-DEV.153
1461174159,277327046,251627535,25693151,117281,0,0,pollard.jl,1,4,1.12.0-DEV.153
1622123771,315387314,281331379,34044575,136920,0,0,pollard.jl,1,8,1.12.0-DEV.153
1520877697,308053135,272437275,35604580,120282,0,0,pollard.jl,1,8,1.12.0-DEV.153
1462991462,283929908,253223543,30694685,112600,0,0,pollard.jl,1,8,1.12.0-DEV.153
1567287518,301322918,266983463,34326855,136520,0,0,pollard.jl,1,8,1.12.0-DEV.153
1623007399,306249732,271140196,35097376,142840,0,0,pollard.jl,1,8,1.12.0-DEV.153
1545122508,312126910,276354331,35757819,132081,0,0,pollard.jl,1,8,1.12.0-DEV.153
1499621706,289322447,256990438,32322969,110321,0,0,pollard.jl,1,8,1.12.0-DEV.153
1546405522,283644871,253335229,30299722,117680,0,0,pollard.jl,1,8,1.12.0-DEV.153
1602244685,316766367,281649709,35105338,134441,0,0,pollard.jl,1,8,1.12.0-DEV.153
1596889196,309900148,279614303,30276205,125640,0,0,pollard.jl,1,8,1.12.0-DEV.153
1569068603,312055116,276251376,35793020,112480,0,0,pollard.jl,1,8,1.12.0-DEV.153
1438971483,317212971,281473949,35727501,115361,0,0,pollard.jl,1,8,1.12.0-DEV.153
1553339249,307427904,270832362,36580782,119400,0,0,pollard.jl,1,8,1.12.0-DEV.153
1621865567,305331181,271004923,34312498,118400,0,0,pollard.jl,1,8,1.12.0-DEV.153
1544017353,294892791,260258054,34621217,113081,0,0,pollard.jl,1,8,1.12.0-DEV.153
1546288965,295073314,260777018,34285536,115880,0,0,pollard.jl,1,8,1.12.0-DEV.153
1574305448,301091729,265917191,35160378,129200,0,0,pollard.jl,1,8,1.12.0-DEV.153
1496540793,298091001,263718626,34358575,129760,0,0,pollard.jl,1,8,1.12.0-DEV.153
1559858057,312298364,278037506,34248258,126041,0,0,pollard.jl,1,8,1.12.0-DEV.153
1517951423,293459992,260585099,32861773,120480,0,0,pollard.jl,1,8,1.12.0-DEV.153
1521017956,303806705,265429955,38366870,122440,0,0,pollard.jl,1,8,1.12.0-DEV.153
1571311584,302081897,267767080,34302897,132520,0,0,pollard.jl,1,8,1.12.0-DEV.153
1525732659,283866446,252516478,31340168,107361,0,0,pollard.jl,1,8,1.12.0-DEV.153
1494292253,308863438,273664220,35185058,114120,0,0,pollard.jl,1,8,1.12.0-DEV.153
1580007542,317593865,282195084,35384261,135640,0,0,pollard.jl,1,8,1.12.0-DEV.153
1536963263,319803514,261042824,58743970,112240,0,0,pollard.jl,1,16,1.12.0-DEV.153
1484878319,319781913,264799838,54965555,126440,0,0,pollard.jl,1,16,1.12.0-DEV.153
1574861419,319847114,262017269,57811365,116440,0,0,pollard.jl,1,16,1.12.0-DEV.153
1589352785,323582605,262668791,60894614,118561,0,0,pollard.jl,1,16,1.12.0-DEV.153
1560855147,316591865,255525571,61050534,124042,0,0,pollard.jl,1,16,1.12.0-DEV.153
1569825297,315490665,257841099,57633766,123520,0,0,pollard.jl,1,16,1.12.0-DEV.153
1538138290,308013403,252089603,55906640,125520,0,0,pollard.jl,1,16,1.12.0-DEV.153
1597425104,316415828,259817825,56578563,108880,0,0,pollard.jl,1,16,1.12.0-DEV.153
1519056082,311314734,256762337,54538637,102440,0,0,pollard.jl,1,16,1.12.0-DEV.153
1377039678,307742165,255093414,52633231,89400,0,0,pollard.jl,1,16,1.12.0-DEV.153
1583030394,326298858,265354083,60922495,134920,0,0,pollard.jl,1,16,1.12.0-DEV.153
1557666524,325487218,264936721,60531937,118040,0,0,pollard.jl,1,16,1.12.0-DEV.153
1543611967,315999190,259501348,56480402,103200,0,0,pollard.jl,1,16,1.12.0-DEV.153
1499169522,321290767,265799088,55473879,102560,0,0,pollard.jl,1,16,1.12.0-DEV.153
1570186210,320465925,261142473,59305172,125720,0,0,pollard.jl,1,16,1.12.0-DEV.153
1528304573,322530969,266636929,55877719,130202,0,0,pollard.jl,1,16,1.12.0-DEV.153
1578376001,320276725,261820237,58438648,115120,0,0,pollard.jl,1,16,1.12.0-DEV.153
1468483886,319946404,261104075,58823449,109760,0,0,pollard.jl,1,16,1.12.0-DEV.153
1531771831,321372889,260927876,60428933,110240,0,0,pollard.jl,1,16,1.12.0-DEV.153
1549829727,308861374,255621819,53223035,108360,0,0,pollard.jl,1,16,1.12.0-DEV.153
1516134152,319631606,259271830,60342896,111040,0,0,pollard.jl,1,16,1.12.0-DEV.153
1519426285,317589044,260381637,57189567,116880,0,0,pollard.jl,1,16,1.12.0-DEV.153
1568370310,312596227,256678144,55901483,114721,0,0,pollard.jl,1,16,1.12.0-DEV.153
1582889395,310944625,256985786,53941199,108160,0,0,pollard.jl,1,16,1.12.0-DEV.153
1515372002,303848442,250722527,53110635,90400,0,0,pollard.jl,1,16,1.12.0-DEV.153
7623887123,5353313401,4716442470,636833731,91600,0,3,list.jl,1,1,1.12.0-DEV.153
7649027140,5364608093,4725069190,639503543,98520,0,3,list.jl,1,1,1.12.0-DEV.153
7682918302,5364119787,4725419207,638666580,101120,0,3,list.jl,1,1,1.12.0-DEV.153
7648195543,5366576209,4725649940,640891509,114880,0,3,list.jl,1,1,1.12.0-DEV.153
7648711367,5367523428,4726731039,640760389,94760,0,3,list.jl,1,1,1.12.0-DEV.153
7640759965,5366619841,4723498281,643084720,99680,0,3,list.jl,1,1,1.12.0-DEV.153
7683147589,5360794236,4716778194,643979482,97640,0,3,list.jl,1,1,1.12.0-DEV.153
7682944409,5367537189,4723925106,643576882,110800,0,3,list.jl,1,1,1.12.0-DEV.153
7652591060,5373732465,4730895501,642800684,99720,0,3,list.jl,1,1,1.12.0-DEV.153
7642145008,5369931144,4730260711,639635433,100161,0,3,list.jl,1,1,1.12.0-DEV.153
7673128157,5359427686,4721100094,638294872,108442,0,3,list.jl,1,1,1.12.0-DEV.153
7643060447,5369602488,4728968488,640600000,95281,0,3,list.jl,1,1,1.12.0-DEV.153
7624810611,5362961725,4723560006,639365759,98760,0,3,list.jl,1,1,1.12.0-DEV.153
7639032869,5358402158,4718717718,639648920,91600,0,3,list.jl,1,1,1.12.0-DEV.153
7650895481,5363862827,4723910864,639916722,97761,0,3,list.jl,1,1,1.12.0-DEV.153
7615634674,5378358604,4730940257,647384147,97280,0,3,list.jl,1,1,1.12.0-DEV.153
7651846476,5445849974,4785773588,660039066,102360,0,3,list.jl,1,1,1.12.0-DEV.153
7643085825,5381966995,4734762886,647170629,92560,0,3,list.jl,1,1,1.12.0-DEV.153
7597709546,5375259066,4733976254,641246452,93961,0,3,list.jl,1,1,1.12.0-DEV.153
7607251908,5407778092,4751006671,656737781,90880,0,3,list.jl,1,1,1.12.0-DEV.153
7588420307,5388493205,4744172181,644284824,100600,0,3,list.jl,1,1,1.12.0-DEV.153
7556400946,5372083964,4735536322,636510922,101321,0,3,list.jl,1,1,1.12.0-DEV.153
7571702003,5382665607,4738295018,644334468,99960,0,3,list.jl,1,1,1.12.0-DEV.153
7686361275,5379812807,4735475259,644303348,93960,0,3,list.jl,1,1,1.12.0-DEV.153
7690036899,5422368746,4763004151,659327515,97720,0,3,list.jl,1,1,1.12.0-DEV.153
7275514923,5018838755,4516939987,501864328,114400,0,3,list.jl,1,2,1.12.0-DEV.153
6584345084,4370781722,3821065374,549682348,98521,0,3,list.jl,1,2,1.12.0-DEV.153
6613479140,4372534252,3816836441,555662091,113762,0,4,list.jl,1,2,1.12.0-DEV.153
6224523154,4022201219,3497842142,524326117,100920,0,4,list.jl,1,2,1.12.0-DEV.153
7166775801,4962402656,4464165856,498201600,113840,0,3,list.jl,1,2,1.12.0-DEV.153
6217541470,3998025477,3488616005,509373512,117960,0,4,list.jl,1,2,1.12.0-DEV.153
6618465910,4371903152,3825033607,546832665,116362,0,3,list.jl,1,2,1.12.0-DEV.153
6593404883,4344940958,3812627975,532279463,104360,0,3,list.jl,1,2,1.12.0-DEV.153
6252754598,3989750425,3481024392,508691713,113840,0,4,list.jl,1,2,1.12.0-DEV.153
6616506808,4354160594,3812184941,541942172,115680,0,3,list.jl,1,2,1.12.0-DEV.153
6589274654,4373933659,3816984043,556914896,121200,0,4,list.jl,1,2,1.12.0-DEV.153
6573466734,4363581113,3816663646,546884027,105760,0,3,list.jl,1,2,1.12.0-DEV.153
6555431087,4348272511,3813258917,534978834,108800,0,3,list.jl,1,2,1.12.0-DEV.153
6580963770,4339563571,3796983116,542544815,108240,0,4,list.jl,1,2,1.12.0-DEV.153
6557879588,4340005094,3813344446,526623888,116601,0,3,list.jl,1,2,1.12.0-DEV.153
6546815001,4338738497,3807277111,531428346,106120,0,3,list.jl,1,2,1.12.0-DEV.153
6543747238,4347294128,3812806813,534453115,109160,0,3,list.jl,1,2,1.12.0-DEV.153
6554110195,4351739066,3815202904,536501642,102120,0,3,list.jl,1,2,1.12.0-DEV.153
6557817012,4339355788,3807719362,531599986,118720,0,3,list.jl,1,2,1.12.0-DEV.153
6193230089,4003539272,3498067242,505438990,117200,0,4,list.jl,1,2,1.12.0-DEV.153
6533793431,4337639793,3797126820,540478093,118240,0,3,list.jl,1,2,1.12.0-DEV.153
6615502442,4346329620,3807071850,539223290,106840,0,3,list.jl,1,2,1.12.0-DEV.153
6215715771,3997417463,3489229504,508154638,111240,0,4,list.jl,1,2,1.12.0-DEV.153
6627436327,4363344559,3816821648,546487231,112760,0,3,list.jl,1,2,1.12.0-DEV.153
6586969691,4361057998,3820342663,540681815,112960,0,3,list.jl,1,2,1.12.0-DEV.153
7597042518,5387696232,5040269551,347386001,117400,0,3,list.jl,1,4,1.12.0-DEV.153
7670153782,5405528807,5053122074,352369813,115520,0,3,list.jl,1,4,1.12.0-DEV.153
7631035391,5376279605,5026843439,349395126,124320,0,3,list.jl,1,4,1.12.0-DEV.153
7669853833,5383447552,5026076202,357332510,109800,0,3,list.jl,1,4,1.12.0-DEV.153
7681840354,5396367354,5044764061,351565493,124321,0,3,list.jl,1,4,1.12.0-DEV.153
7715471221,5410505838,5050123880,360343358,123280,0,3,list.jl,1,4,1.12.0-DEV.153
7654102803,5392504107,5041108139,351358008,111120,0,3,list.jl,1,4,1.12.0-DEV.153
7632586543,5393879357,5034195479,359643478,116920,0,3,list.jl,1,4,1.12.0-DEV.153
7631296504,5393442840,5042082228,351317372,137640,0,3,list.jl,1,4,1.12.0-DEV.153
7634935240,5373650983,5027533346,346079797,117720,0,3,list.jl,1,4,1.12.0-DEV.153
7598271535,5341477129,4992598005,348840124,126321,0,3,list.jl,1,4,1.12.0-DEV.153
7642505432,5375834395,5024655104,351141571,113160,0,3,list.jl,1,4,1.12.0-DEV.153
7739277007,5394545497,5050072865,344436832,111240,0,3,list.jl,1,4,1.12.0-DEV.153
7715678421,5373059954,5023485826,349534528,107720,0,3,list.jl,1,4,1.12.0-DEV.153
7690182228,5388357521,5035981264,352339057,111681,0,3,list.jl,1,4,1.12.0-DEV.153
7657984736,5368102506,5020259864,347799322,112000,0,3,list.jl,1,4,1.12.0-DEV.153
7058861743,4781862509,4464374555,317446993,114281,0,3,list.jl,1,4,1.12.0-DEV.153
7675300079,5397251621,5047864751,349348030,114160,0,3,list.jl,1,4,1.12.0-DEV.153
7749833062,5434357190,5082529421,351788689,104320,0,3,list.jl,1,4,1.12.0-DEV.153
7649070444,5391041687,5042348286,348653401,122320,0,3,list.jl,1,4,1.12.0-DEV.153
7656095735,5390418560,5039013133,351365347,97680,0,3,list.jl,1,4,1.12.0-DEV.153
7641797171,5388641458,5035053684,353545054,112720,0,3,list.jl,1,4,1.12.0-DEV.153
7619281425,5366494024,5017071261,349382683,106880,0,3,list.jl,1,4,1.12.0-DEV.153
8075131948,5814192178,5423888428,390265190,117920,0,3,list.jl,1,4,1.12.0-DEV.153
6925451026,4705421818,4391286890,314083968,116560,0,3,list.jl,1,4,1.12.0-DEV.153
7508398453,5307270626,5025423204,281804862,120280,0,3,list.jl,1,8,1.12.0-DEV.153
7995356539,5733875668,5432253381,301576487,151400,0,3,list.jl,1,8,1.12.0-DEV.153
8257160011,6022300717,5711721849,310534508,128480,0,3,list.jl,1,8,1.12.0-DEV.153
6962387801,4649855321,4401203302,248608259,113000,0,3,list.jl,1,8,1.12.0-DEV.153
8333328684,6029988277,5716246926,313700751,133360,0,3,list.jl,1,8,1.12.0-DEV.153
6861028235,4598990022,4352607731,246342411,115720,0,3,list.jl,1,8,1.12.0-DEV.153
6973612162,4699962702,4432113103,267806559,128680,0,3,list.jl,1,8,1.12.0-DEV.153
8257974869,6032248355,5698141577,334063738,136520,0,3,list.jl,1,8,1.12.0-DEV.153
7657136511,5440109313,5136931738,303133255,123240,0,3,list.jl,1,8,1.12.0-DEV.153
6851088903,4651727161,4397238008,254449233,120480,0,3,list.jl,1,8,1.12.0-DEV.153
6902356642,4685975134,4429065209,256872685,134600,0,3,list.jl,1,8,1.12.0-DEV.153
8260000314,6034880375,5716110382,318724633,118400,0,3,list.jl,1,8,1.12.0-DEV.153
6466587531,4260441534,4033142888,227256726,123440,0,3,list.jl,1,8,1.12.0-DEV.153
6921550822,4716582925,4462251243,254290242,134720,0,3,list.jl,1,8,1.12.0-DEV.153
6505461071,4248640985,4020372878,228223667,103520,0,3,list.jl,1,8,1.12.0-DEV.153
6933260443,4713747416,4449436463,264267673,127640,0,3,list.jl,1,8,1.12.0-DEV.153
6857460934,4629932285,4376328852,253557433,118400,0,3,list.jl,1,8,1.12.0-DEV.153
7562656774,5325743585,5029064851,296633614,143120,0,3,list.jl,1,8,1.12.0-DEV.153
6905337637,4707535878,4447859738,259637580,134680,0,3,list.jl,1,8,1.12.0-DEV.153
8266457036,6040913042,5717055130,323814032,133640,0,3,list.jl,1,8,1.12.0-DEV.153
7515369315,5324762831,5047889807,276831904,122680,0,3,list.jl,1,8,1.12.0-DEV.153
6915857987,4737357515,4480658945,256655930,123640,0,3,list.jl,1,8,1.12.0-DEV.153
6876886100,4676220160,4429465554,246716246,108760,0,3,list.jl,1,8,1.12.0-DEV.153
6950330958,4700606318,4445702451,254863547,127640,0,3,list.jl,1,8,1.12.0-DEV.153
6529219287,4254839254,4016725082,238069852,110761,0,3,list.jl,1,8,1.12.0-DEV.153
7667405730,5432252119,5074888732,357318707,140120,0,3,list.jl,1,16,1.12.0-DEV.153
7632225538,5393532125,5051602467,341878138,139840,0,3,list.jl,1,16,1.12.0-DEV.153
6966461913,4756630630,4445403808,311184822,132000,0,3,list.jl,1,16,1.12.0-DEV.153
6992452244,4776399284,4444527342,331831262,140240,0,3,list.jl,1,16,1.12.0-DEV.153
7486256020,5278099523,4898191056,379869267,147960,0,3,list.jl,1,16,1.12.0-DEV.153
7618706054,5397096753,5062189865,334865568,120720,0,3,list.jl,1,16,1.12.0-DEV.153
7785219186,5595477752,5190722300,404716172,141240,0,3,list.jl,1,16,1.12.0-DEV.153
7574750825,5366574937,5021960970,344572287,133081,0,3,list.jl,1,16,1.12.0-DEV.153
7651115201,5433010716,5068237471,364724885,136240,0,3,list.jl,1,16,1.12.0-DEV.153
6998284582,4796552742,4469373232,327135070,135120,0,3,list.jl,1,16,1.12.0-DEV.153
7605673483,5392603608,5037971202,354583206,130200,0,3,list.jl,1,16,1.12.0-DEV.153
7618811180,5411890980,5066338898,345506162,126720,0,3,list.jl,1,16,1.12.0-DEV.153
7525524444,5309840175,4908438265,401358430,135200,0,3,list.jl,1,16,1.12.0-DEV.153
6542583342,4345830050,4072021121,273768009,121881,0,3,list.jl,1,16,1.12.0-DEV.153
6978114560,4776969571,4448446335,328475956,119121,0,3,list.jl,1,16,1.12.0-DEV.153
7112008679,4900454986,4565017691,335393215,135480,0,3,list.jl,1,16,1.12.0-DEV.153
6960347269,4769624644,4447218367,322364557,139920,0,3,list.jl,1,16,1.12.0-DEV.153
6967738306,4777233720,4453612591,323576409,128081,0,3,list.jl,1,16,1.12.0-DEV.153
7614878358,5399351280,5059262713,340041127,128320,0,3,list.jl,1,16,1.12.0-DEV.153
6947026430,4741897566,4433222336,308626950,130160,0,3,list.jl,1,16,1.12.0-DEV.153
8292685656,6100096211,5714558307,385495224,136960,0,3,list.jl,1,16,1.12.0-DEV.153
6931705075,4729609088,4420613766,308951242,126320,0,3,list.jl,1,16,1.12.0-DEV.153
7572655548,5375376654,5029241649,346093924,127840,0,3,list.jl,1,16,1.12.0-DEV.153
6930125804,4740509403,4431199627,309263896,117400,0,3,list.jl,1,16,1.12.0-DEV.153
7581820315,5368317108,5019924407,348345501,129480,0,3,list.jl,1,16,1.12.0-DEV.153
14979004404,928615765,906719160,21895045,31200,0,0,tree.jl,1,1,1.12.0-DEV.153
15071306428,927983629,905887182,22094607,34480,0,0,tree.jl,1,1,1.12.0-DEV.153
15096232580,963100605,940651159,22447566,30160,0,0,tree.jl,1,1,1.12.0-DEV.153
14937884290,938767216,916261809,22503807,33040,0,0,tree.jl,1,1,1.12.0-DEV.153
15151669489,953149269,930605301,22541928,31600,0,0,tree.jl,1,1,1.12.0-DEV.153
14952406114,963131831,941094864,22035167,29920,0,0,tree.jl,1,1,1.12.0-DEV.153
15026896668,954696394,932468425,22226169,28200,0,0,tree.jl,1,1,1.12.0-DEV.153
15049829661,944655830,922549822,22104488,27600,0,0,tree.jl,1,1,1.12.0-DEV.153
14776622265,935922229,913758341,22162328,30280,0,0,tree.jl,1,1,1.12.0-DEV.153
14854947871,926367706,903969576,22396450,31320,0,0,tree.jl,1,1,1.12.0-DEV.153
14923713326,936996665,914894775,22100290,29960,0,0,tree.jl,1,1,1.12.0-DEV.153
14772338153,923609732,901642282,21965770,36360,0,0,tree.jl,1,1,1.12.0-DEV.153
14770244304,918685495,896767004,21916211,30360,0,0,tree.jl,1,1,1.12.0-DEV.153
14563240213,917215065,895097016,22116369,29600,0,0,tree.jl,1,1,1.12.0-DEV.153
14481778115,920298886,898439276,21858090,26600,0,0,tree.jl,1,1,1.12.0-DEV.153
14423375539,909245393,887509942,21733731,26360,0,0,tree.jl,1,1,1.12.0-DEV.153
14205260019,908892285,887107275,21783530,38800,0,0,tree.jl,1,1,1.12.0-DEV.153
14164895261,906152969,884252838,21898531,31480,0,0,tree.jl,1,1,1.12.0-DEV.153
14126344539,900011686,878322155,21687851,27121,0,0,tree.jl,1,1,1.12.0-DEV.153
14365664869,912797526,891100395,21695531,27160,0,0,tree.jl,1,1,1.12.0-DEV.153
14397162624,915706622,893837251,21867491,36560,0,0,tree.jl,1,1,1.12.0-DEV.153
14387680995,913207308,891387975,21817813,36320,0,0,tree.jl,1,1,1.12.0-DEV.153
14664644730,942574908,920439895,22133213,30320,0,0,tree.jl,1,1,1.12.0-DEV.153
14448417352,908220153,886202180,22016453,27880,0,0,tree.jl,1,1,1.12.0-DEV.153
14411348358,917480225,895519331,21959134,31960,0,0,tree.jl,1,1,1.12.0-DEV.153
13883601481,631488217,612536731,18949766,35520,0,0,tree.jl,1,2,1.12.0-DEV.153
14011381590,637542957,619305193,18236524,34000,0,0,tree.jl,1,2,1.12.0-DEV.153
13995113984,645869942,627483818,18384484,33080,0,0,tree.jl,1,2,1.12.0-DEV.153
13844752681,626281579,607773334,18506925,35880,0,0,tree.jl,1,2,1.12.0-DEV.153
14078348761,630532914,612513870,18017644,30520,0,0,tree.jl,1,2,1.12.0-DEV.153
14108230576,644465994,625159826,19304808,36840,0,0,tree.jl,1,2,1.12.0-DEV.153
13993911428,641800390,622990464,18808086,30840,0,0,tree.jl,1,2,1.12.0-DEV.153
14218700240,642495558,623432831,19061407,33080,0,0,tree.jl,1,2,1.12.0-DEV.153
14228874637,631395054,612462007,18931367,33440,0,0,tree.jl,1,2,1.12.0-DEV.153
14312182332,649868504,631024337,18842647,32480,0,0,tree.jl,1,2,1.12.0-DEV.153
14030015429,630991939,613337415,17652844,43880,0,0,tree.jl,1,2,1.12.0-DEV.153
13806242824,640021007,621565400,18454047,32840,0,0,tree.jl,1,2,1.12.0-DEV.153
13645452333,636511040,617871392,18638248,34760,0,0,tree.jl,1,2,1.12.0-DEV.153
14097400741,653079326,633593878,19483808,34360,0,0,tree.jl,1,2,1.12.0-DEV.153
13980064153,644109547,625143859,18964048,34960,0,0,tree.jl,1,2,1.12.0-DEV.153
14094451709,645676355,626720866,18954329,35960,0,0,tree.jl,1,2,1.12.0-DEV.153
14351945107,645870478,627002549,18866449,34400,0,0,tree.jl,1,2,1.12.0-DEV.153
14142283237,645158719,627175593,17981646,36080,0,0,tree.jl,1,2,1.12.0-DEV.153
14120359400,636590778,617771930,18817488,33242,0,0,tree.jl,1,2,1.12.0-DEV.153
13980855101,652906982,633911654,18993648,33920,0,0,tree.jl,1,2,1.12.0-DEV.153
14088001189,663840013,645064685,18774208,39440,0,0,tree.jl,1,2,1.12.0-DEV.153
14184153326,642898962,624158274,18739048,32560,0,0,tree.jl,1,2,1.12.0-DEV.153
14243313648,657248282,638587354,18658928,33960,0,0,tree.jl,1,2,1.12.0-DEV.153
14201080068,641081802,622941156,18139086,38160,0,0,tree.jl,1,2,1.12.0-DEV.153
14211201581,634039467,615225179,18812528,33440,0,0,tree.jl,1,2,1.12.0-DEV.153
13745701389,290012305,281669284,8341461,38840,0,0,tree.jl,1,4,1.12.0-DEV.153
14070530145,286964258,277539594,9423384,33960,0,0,tree.jl,1,4,1.12.0-DEV.153
14074710836,274299706,264861442,9437104,34640,0,0,tree.jl,1,4,1.12.0-DEV.153
14117154385,272766943,263308438,9456545,31960,0,0,tree.jl,1,4,1.12.0-DEV.153
13872948352,293720399,285487298,8231821,38320,0,0,tree.jl,1,4,1.12.0-DEV.153
13638740142,270364578,260450353,9912865,40240,0,0,tree.jl,1,4,1.12.0-DEV.153
13438764618,273236906,263723521,9512065,33840,0,0,tree.jl,1,4,1.12.0-DEV.153
13339682167,278600848,269275935,9323593,38080,0,0,tree.jl,1,4,1.12.0-DEV.153
13226137015,272048578,262681897,9365441,32800,0,0,tree.jl,1,4,1.12.0-DEV.153
13067660196,267481981,257466417,10014284,35640,0,0,tree.jl,1,4,1.12.0-DEV.153
12984639038,276597086,267305525,9290601,36680,0,0,tree.jl,1,4,1.12.0-DEV.153
13170758333,292035977,282640736,9394081,34440,0,0,tree.jl,1,4,1.12.0-DEV.153
13481431233,265788171,256183769,9603242,36400,0,0,tree.jl,1,4,1.12.0-DEV.153
13126078479,264459750,254941470,9517360,33360,0,0,tree.jl,1,4,1.12.0-DEV.153
13010310394,260460482,250700041,9758801,34600,0,0,tree.jl,1,4,1.12.0-DEV.153
12968427850,292253877,282891439,9361278,35641,0,0,tree.jl,1,4,1.12.0-DEV.153
12316280964,266784043,257550006,9232477,34040,0,0,tree.jl,1,4,1.12.0-DEV.153
12375064377,261787851,252649735,9137076,36680,0,0,tree.jl,1,4,1.12.0-DEV.153
12405956359,269802913,260652397,9149316,37440,0,0,tree.jl,1,4,1.12.0-DEV.153
12203551761,269844303,260669066,9174237,34040,0,0,tree.jl,1,4,1.12.0-DEV.153
12288378729,271366619,262158223,9207356,32560,0,0,tree.jl,1,4,1.12.0-DEV.153
11597485519,264826063,255823389,9001434,29840,0,0,tree.jl,1,4,1.12.0-DEV.153
11563039052,274907093,265685659,9220034,31161,0,0,tree.jl,1,4,1.12.0-DEV.153
11516301995,290846146,281437670,9407636,32121,0,0,tree.jl,1,4,1.12.0-DEV.153
12004193724,281771583,272511109,9259474,29120,0,0,tree.jl,1,4,1.12.0-DEV.153
12164855167,403592630,381450146,22140084,48120,0,1,tree.jl,1,8,1.12.0-DEV.153
12320279272,421487524,399195041,22290003,45760,0,1,tree.jl,1,8,1.12.0-DEV.153
12147399648,198758334,191785228,6971506,34640,0,0,tree.jl,1,8,1.12.0-DEV.153
11923674346,365121013,343094093,22025000,47961,0,1,tree.jl,1,8,1.12.0-DEV.153
11616515929,418808282,396437439,22368523,45760,0,1,tree.jl,1,8,1.12.0-DEV.153
11911714232,418146467,395607426,22536601,52480,0,1,tree.jl,1,8,1.12.0-DEV.153
11516171935,187920474,180451247,7467947,35120,0,0,tree.jl,1,8,1.12.0-DEV.153
11088325597,200855956,192272246,8582350,34320,0,0,tree.jl,1,8,1.12.0-DEV.153
11692012611,195758573,188932709,6824104,33080,0,0,tree.jl,1,8,1.12.0-DEV.153
11138224580,176596263,167215750,9379233,31840,0,0,tree.jl,1,8,1.12.0-DEV.153
11753299385,369057891,347029053,22026558,47440,0,1,tree.jl,1,8,1.12.0-DEV.153
11422880686,371693053,349929737,21761196,48840,0,1,tree.jl,1,8,1.12.0-DEV.153
11800498818,420602736,398296659,22304237,47640,0,1,tree.jl,1,8,1.12.0-DEV.153
11800794882,204699985,195904395,8794270,32040,0,0,tree.jl,1,8,1.12.0-DEV.153
12046619109,219294071,212244366,7047985,36160,0,0,tree.jl,1,8,1.12.0-DEV.153
11599060258,202482050,195472107,7008463,33480,0,0,tree.jl,1,8,1.12.0-DEV.153
11622483949,360563062,338914789,21646073,44160,0,1,tree.jl,1,8,1.12.0-DEV.153
11786739440,359693733,337447458,22244395,46360,0,1,tree.jl,1,8,1.12.0-DEV.153
11828475039,386975139,365583987,21389552,43760,0,1,tree.jl,1,8,1.12.0-DEV.153
11670447097,348396883,326361971,22033272,46680,0,1,tree.jl,1,8,1.12.0-DEV.153
11610350732,211816346,204488361,7326065,36720,0,0,tree.jl,1,8,1.12.0-DEV.153
11799218799,207696610,199935464,7759906,33040,0,0,tree.jl,1,8,1.12.0-DEV.153
11669354372,194951283,185964293,8985510,32720,0,0,tree.jl,1,8,1.12.0-DEV.153
11651779926,158920522,150553735,8365387,37440,0,0,tree.jl,1,8,1.12.0-DEV.153
11635575408,199060333,191929349,7129344,31960,0,0,tree.jl,1,8,1.12.0-DEV.153
11720948429,293237878,265206747,28028291,47760,0,1,tree.jl,1,16,1.12.0-DEV.153
11715240036,296940966,267581071,29357215,45720,0,1,tree.jl,1,16,1.12.0-DEV.153
11770706126,274714891,245990558,28721653,49320,0,1,tree.jl,1,16,1.12.0-DEV.153
11831055956,209081876,194059188,15020328,31560,0,0,tree.jl,1,16,1.12.0-DEV.153
11758776801,209402396,197472597,11928039,34240,0,0,tree.jl,1,16,1.12.0-DEV.153
11804724752,220304189,206697905,13604204,36080,0,0,tree.jl,1,16,1.12.0-DEV.153
10642320160,174906201,161638838,13265483,36240,0,0,tree.jl,1,16,1.12.0-DEV.153
12415568604,359178387,330547014,28628893,47520,0,1,tree.jl,1,16,1.12.0-DEV.153
11979756143,347888227,317787811,30097976,47721,0,1,tree.jl,1,16,1.12.0-DEV.153
11786373425,167151850,152807846,14342244,33760,0,0,tree.jl,1,16,1.12.0-DEV.153
12090810728,316648322,288467914,28177368,48681,0,1,tree.jl,1,16,1.12.0-DEV.153
12127579666,260368503,233301177,27064646,48040,0,1,tree.jl,1,16,1.12.0-DEV.153
12064438212,218611089,205585408,13023321,34840,0,0,tree.jl,1,16,1.12.0-DEV.153
11335400911,249910506,222462499,27444887,45600,0,1,tree.jl,1,16,1.12.0-DEV.153
11244573386,310456733,281335042,29118531,49600,0,1,tree.jl,1,16,1.12.0-DEV.153
10671329078,181775689,164311794,17461775,34960,0,0,tree.jl,1,16,1.12.0-DEV.153
11432182226,301307380,272588691,28715689,52080,0,1,tree.jl,1,16,1.12.0-DEV.153
10563680128,148992064,131993331,16996893,38121,0,0,tree.jl,1,16,1.12.0-DEV.153
10733845155,283917603,254354552,29560411,44880,0,1,tree.jl,1,16,1.12.0-DEV.153
10822951211,343438027,310833165,32601942,48200,0,1,tree.jl,1,16,1.12.0-DEV.153
10755933384,316356701,289078776,27275445,42640,0,1,tree.jl,1,16,1.12.0-DEV.153
10719691214,225560857,212284016,13272361,35160,0,0,tree.jl,1,16,1.12.0-DEV.153
10852155689,361487357,332984629,28499408,48160,0,1,tree.jl,1,16,1.12.0-DEV.153
10760554433,294667548,266703101,27961327,46481,0,1,tree.jl,1,16,1.12.0-DEV.153
10844184559,350771481,321619070,29150011,47040,0,1,tree.jl,1,16,1.12.0-DEV.153
25957664900,4530449846,4128910610,401515716,110081,0,2,strings.jl,1,1,1.12.0-DEV.153
26407890112,4574846863,4168712139,406112004,102480,0,2,strings.jl,1,1,1.12.0-DEV.153
26275070186,4536733674,4134689684,402020710,103240,0,2,strings.jl,1,1,1.12.0-DEV.153
26101382950,4565863209,4160262171,405577838,99801,0,2,strings.jl,1,1,1.12.0-DEV.153
25914639009,4552981060,4148088426,404868354,107121,0,2,strings.jl,1,1,1.12.0-DEV.153
25813038740,4535750380,4134245677,401479463,99402,0,2,strings.jl,1,1,1.12.0-DEV.153
26106424400,4543112657,4140472797,402615180,100800,0,2,strings.jl,1,1,1.12.0-DEV.153
26021244918,4537754415,4135689599,402041576,121360,0,2,strings.jl,1,1,1.12.0-DEV.153
26120827205,4530140607,4128616356,401501691,109080,0,2,strings.jl,1,1,1.12.0-DEV.153
26342397986,4557612669,4154247252,403342897,127841,0,2,strings.jl,1,1,1.12.0-DEV.153
25958882311,4527906838,4126466269,401417568,110521,0,2,strings.jl,1,1,1.12.0-DEV.153
26006896265,4546442036,4143651544,402766732,100080,0,2,strings.jl,1,1,1.12.0-DEV.153
25894877544,4559756778,4154232079,405500459,108921,0,2,strings.jl,1,1,1.12.0-DEV.153
26028717849,4543003909,4140073503,402907126,111160,0,2,strings.jl,1,1,1.12.0-DEV.153
26011915546,4532236382,4130611860,401601042,102560,0,2,strings.jl,1,1,1.12.0-DEV.153
25942039571,4572458247,4166195269,406239898,102080,0,2,strings.jl,1,1,1.12.0-DEV.153
26543179487,4644769087,4238867434,405876573,108280,0,2,strings.jl,1,1,1.12.0-DEV.153
25968658852,4526187841,4124892603,401269878,114401,0,2,strings.jl,1,1,1.12.0-DEV.153
26064469346,4540210430,4137833711,402353359,112280,0,2,strings.jl,1,1,1.12.0-DEV.153
26130951757,4530759910,4128937429,401800521,108840,0,2,strings.jl,1,1,1.12.0-DEV.153
26056164871,4565168721,4159779073,405364008,104600,0,2,strings.jl,1,1,1.12.0-DEV.153
26041222407,4546792056,4144539537,402227119,107600,0,2,strings.jl,1,1,1.12.0-DEV.153
26193260603,4528033112,4126558995,401451797,99000,0,2,strings.jl,1,1,1.12.0-DEV.153
26135496059,4531833432,4130162838,401644514,100201,0,2,strings.jl,1,1,1.12.0-DEV.153
25839220293,4525550678,4124216519,401310439,107720,0,2,strings.jl,1,1,1.12.0-DEV.153
24835025905,3451593067,3118801820,332761927,111521,0,2,strings.jl,1,2,1.12.0-DEV.153
24889495510,3394070550,3064880288,329162022,132681,0,2,strings.jl,1,2,1.12.0-DEV.153
24894229868,3391751648,3063858123,327864525,118001,0,2,strings.jl,1,2,1.12.0-DEV.153
24961374227,3362933739,3038929641,323976138,128440,0,2,strings.jl,1,2,1.12.0-DEV.153
24938990594,3396857503,3068999805,327828778,127040,0,2,strings.jl,1,2,1.12.0-DEV.153
25180021951,3396081265,3068777377,327274808,118801,0,2,strings.jl,1,2,1.12.0-DEV.153
25219412785,3415167190,3085607907,329531923,123760,0,2,strings.jl,1,2,1.12.0-DEV.153
24988969038,3463836701,3133115302,330691999,132001,0,2,strings.jl,1,2,1.12.0-DEV.153
24861353789,3333790792,3008147380,325614171,129680,0,2,strings.jl,1,2,1.12.0-DEV.153
24999302225,3320753380,2995985221,324739798,126280,0,2,strings.jl,1,2,1.12.0-DEV.153
25137098447,3419665920,3090190752,329446088,120320,0,2,strings.jl,1,2,1.12.0-DEV.153
25172397149,3418217758,3088579874,329609124,124241,0,2,strings.jl,1,2,1.12.0-DEV.153
25069490216,3375559020,3047740469,327787470,130720,0,2,strings.jl,1,2,1.12.0-DEV.153
24862889132,3427259164,3096060173,331168791,133200,0,2,strings.jl,1,2,1.12.0-DEV.153
24886850978,3370698712,3045995705,324673807,129000,0,2,strings.jl,1,2,1.12.0-DEV.153
24966418437,3331214120,3006774238,324411482,117400,0,2,strings.jl,1,2,1.12.0-DEV.153
25216315718,3415221662,3084674207,330517375,127720,0,2,strings.jl,1,2,1.12.0-DEV.153
25020637310,3428090967,3095127073,332934254,136441,0,2,strings.jl,1,2,1.12.0-DEV.153
25082729778,3323839933,3002390281,321421092,115480,0,2,strings.jl,1,2,1.12.0-DEV.153
24858424892,3399656416,3071148063,328479513,131840,0,2,strings.jl,1,2,1.12.0-DEV.153
25122450499,3430124227,3099659752,330434114,131920,0,2,strings.jl,1,2,1.12.0-DEV.153
24934501496,3389245334,3061531754,327682380,130080,0,2,strings.jl,1,2,1.12.0-DEV.153
25051145018,3428428818,3098968717,329431301,135560,0,2,strings.jl,1,2,1.12.0-DEV.153
24753236663,3308047834,2984294394,323724880,119000,0,2,strings.jl,1,2,1.12.0-DEV.153
25114596163,3429100750,3097723888,331348302,121440,0,2,strings.jl,1,2,1.12.0-DEV.153
23907228142,2172280260,1937258310,234994990,146561,0,2,strings.jl,1,4,1.12.0-DEV.153
23655808928,2166665582,1930269909,236368993,153201,0,2,strings.jl,1,4,1.12.0-DEV.153
23648479427,1978103685,1769014538,209057267,139480,0,2,strings.jl,1,4,1.12.0-DEV.153
23449994892,1947340211,1739559032,207755459,133922,0,2,strings.jl,1,4,1.12.0-DEV.153
24148541844,2050992885,1830212347,220755058,141640,0,2,strings.jl,1,4,1.12.0-DEV.153
23981537866,2093337563,1865026402,228286921,154440,0,2,strings.jl,1,4,1.12.0-DEV.153
23621241691,2078971945,1854620959,224325465,149600,0,2,strings.jl,1,4,1.12.0-DEV.153
23995237997,2047170751,1826606500,220540091,145161,0,2,strings.jl,1,4,1.12.0-DEV.153
23809391391,2068190567,1846254150,221909457,146240,0,2,strings.jl,1,4,1.12.0-DEV.153
23880576440,2125192453,1897555420,227613633,146160,0,2,strings.jl,1,4,1.12.0-DEV.153
23628500845,2081250303,1857642604,223582419,144361,0,2,strings.jl,1,4,1.12.0-DEV.153
23755621486,1976490248,1765979750,210481898,132920,0,2,strings.jl,1,4,1.12.0-DEV.153
23628756179,2037268947,1816028257,221216010,142362,0,2,strings.jl,1,4,1.12.0-DEV.153
23257636760,1884123383,1681451111,202646712,137480,0,2,strings.jl,1,4,1.12.0-DEV.153
23923828693,2125473163,1893294080,232153243,160161,0,2,strings.jl,1,4,1.12.0-DEV.153
23718046839,2152328197,1919001554,233300243,161360,0,2,strings.jl,1,4,1.12.0-DEV.153
23543502210,1927711616,1720908015,206775801,140840,0,2,strings.jl,1,4,1.12.0-DEV.153
23809352551,2105781438,1875710687,230044071,146480,0,2,strings.jl,1,4,1.12.0-DEV.153
23474360555,1956871572,1752893943,203944869,142320,0,2,strings.jl,1,4,1.12.0-DEV.153
23784858522,2156263183,1924765786,231473157,130960,0,2,strings.jl,1,4,1.12.0-DEV.153
23782432803,1996656684,1785368992,211255612,126000,0,2,strings.jl,1,4,1.12.0-DEV.153
23705476300,1931108916,1726714645,204368231,125880,0,2,strings.jl,1,4,1.12.0-DEV.153
23548925915,1954710943,1747041943,207643960,147160,0,2,strings.jl,1,4,1.12.0-DEV.153
23483258415,1950230644,1743289808,206909356,139281,0,2,strings.jl,1,4,1.12.0-DEV.153
23755296117,2184763483,1947467991,237269172,145320,0,2,strings.jl,1,4,1.12.0-DEV.153
23264867517,1591415414,1405087201,186291853,196081,0,3,strings.jl,1,8,1.12.0-DEV.153
23163247837,1570807188,1386590981,184178727,200680,0,3,strings.jl,1,8,1.12.0-DEV.153
23261986935,1564210962,1381750602,182422960,181721,0,3,strings.jl,1,8,1.12.0-DEV.153
22989265415,1273731306,1107679758,166023708,166680,0,3,strings.jl,1,8,1.12.0-DEV.153
23225688340,1611862662,1422607120,189216302,200041,0,3,strings.jl,1,8,1.12.0-DEV.153
23161628946,1443896786,1273244144,170616322,171602,0,3,strings.jl,1,8,1.12.0-DEV.153
22997723728,1276446910,1110130161,166290709,162121,0,3,strings.jl,1,8,1.12.0-DEV.153
23041203947,1571260252,1385146123,186077089,186880,0,3,strings.jl,1,8,1.12.0-DEV.153
23354362433,1534361296,1356402390,177922786,167121,0,3,strings.jl,1,8,1.12.0-DEV.153
23228834139,1566399833,1381754349,184608764,205601,0,3,strings.jl,1,8,1.12.0-DEV.153
23504102432,1571558968,1387510123,184011085,188960,0,3,strings.jl,1,8,1.12.0-DEV.153
23430220779,1583731082,1397069750,186623452,197401,0,3,strings.jl,1,8,1.12.0-DEV.153
22879579270,1335131244,1165822765,169280919,177641,0,3,strings.jl,1,8,1.12.0-DEV.153
23392368893,1610361237,1422077223,188247334,210080,0,3,strings.jl,1,8,1.12.0-DEV.153
23006743133,1340592454,1170046413,170518321,173080,0,3,strings.jl,1,8,1.12.0-DEV.153
23736613099,1612658084,1425157471,187462573,182040,0,3,strings.jl,1,8,1.12.0-DEV.153
23147872641,1618809539,1428292879,190478060,195481,0,3,strings.jl,1,8,1.12.0-DEV.153
23553685169,1521391680,1345148902,176206578,165561,0,3,strings.jl,1,8,1.12.0-DEV.153
23482212335,1596126475,1409924777,186165338,197481,0,3,strings.jl,1,8,1.12.0-DEV.153
23049640615,1335692234,1162172844,173490550,175760,0,3,strings.jl,1,8,1.12.0-DEV.153
23238906310,1473781459,1301083503,172659796,177920,0,3,strings.jl,1,8,1.12.0-DEV.153
23203017173,1582956172,1398452187,184468785,174401,0,3,strings.jl,1,8,1.12.0-DEV.153
23286991187,1492246176,1316559765,175655211,179241,0,3,strings.jl,1,8,1.12.0-DEV.153
23344433427,1565914518,1381337563,184538235,175961,0,3,strings.jl,1,8,1.12.0-DEV.153
23153504594,1349286829,1179108106,170153803,157600,0,3,strings.jl,1,8,1.12.0-DEV.153
23283342845,1273849580,1075629620,198166160,201480,0,3,strings.jl,1,16,1.12.0-DEV.153
23109446953,1209324351,1009373743,199910527,189962,0,3,strings.jl,1,16,1.12.0-DEV.153
23465017685,1325998646,1124783510,201160296,204001,0,3,strings.jl,1,16,1.12.0-DEV.153
23454825863,1313821119,1091168922,222610837,213361,0,3,strings.jl,1,16,1.12.0-DEV.153
23855542727,1294605726,1100410124,194149602,215720,0,3,strings.jl,1,16,1.12.0-DEV.153
23256875634,1235668146,1037189731,198438975,185402,0,3,strings.jl,1,16,1.12.0-DEV.153
23279599757,1310164690,1093875982,216247628,218360,0,3,strings.jl,1,16,1.12.0-DEV.153
23323850596,1241447800,1046023864,195388216,180880,0,3,strings.jl,1,16,1.12.0-DEV.153
23320103567,1287419979,1087009907,200368072,186800,0,3,strings.jl,1,16,1.12.0-DEV.153
23543161469,1275961244,1069239716,206680488,175760,0,3,strings.jl,1,16,1.12.0-DEV.153
23117530679,1228429245,1033927506,194458138,182201,0,3,strings.jl,1,16,1.12.0-DEV.153
23274782530,1317971709,1109164128,208766301,197400,0,3,strings.jl,1,16,1.12.0-DEV.153
23342914680,1239180863,1038841144,200299599,205801,0,3,strings.jl,1,16,1.12.0-DEV.153
23352851894,1189343895,988323731,200978924,198441,0,3,strings.jl,1,16,1.12.0-DEV.153
23200993480,1248621713,1040625330,207953263,187640,0,3,strings.jl,1,16,1.12.0-DEV.153
23053552143,1345071318,1126114940,218917258,212720,0,3,strings.jl,1,16,1.12.0-DEV.153
23339379940,1382188273,1152923706,229223607,216961,0,3,strings.jl,1,16,1.12.0-DEV.153
23134586258,1224016715,1026873116,197102959,174200,0,3,strings.jl,1,16,1.12.0-DEV.153
23574339041,1328040458,1116562897,211434881,196440,0,3,strings.jl,1,16,1.12.0-DEV.153
23468313622,1214095343,1013168892,200872691,186002,0,3,strings.jl,1,16,1.12.0-DEV.153
23564566050,1324135707,1111518421,212575366,207840,0,3,strings.jl,1,16,1.12.0-DEV.153
23448692864,1334356662,1129149076,205166186,197441,0,3,strings.jl,1,16,1.12.0-DEV.153
23400944543,1232861180,1035012692,197806168,197521,0,3,strings.jl,1,16,1.12.0-DEV.153
23510044547,1462130370,1248209593,213880577,228880,0,3,strings.jl,1,16,1.12.0-DEV.153
23332251797,1287153951,1074773018,212336293,208040,0,3,strings.jl,1,16,1.12.0-DEV.153
